fold,n_test,n_features,epochs_trained,learning_rate,weight_decay,num_nodes,dropout,batch_norm,batch_size,patience,meth_variance_threshold,train_c_index,val_c_index,test_c_index,stage,config_id
1,112,326,11,0.0001,0.001,[4],0.4,False,32,10,0.0005,0.4664448669201521,0.49671772428884026,0.6184873949579832,conservative_joint_tuning,1
2,111,318,11,0.0001,0.001,[4],0.4,False,32,10,0.0005,0.6324793672627235,0.5953488372093023,0.5825991189427313,conservative_joint_tuning,1
3,111,322,11,0.0001,0.001,[4],0.4,False,32,10,0.0005,0.468200146627566,0.34965034965034963,0.30405405405405406,conservative_joint_tuning,1
4,111,330,11,0.0001,0.001,[4],0.4,False,32,10,0.0005,0.3668924466338259,0.33877551020408164,0.4338235294117647,conservative_joint_tuning,1
5,111,315,11,0.0001,0.001,[4],0.4,False,32,10,0.0005,0.6241675429372591,0.629976580796253,0.6951983298538622,conservative_joint_tuning,1
1,112,326,11,0.0001,0.001,[4],0.5,False,32,10,0.0005,0.4664448669201521,0.49671772428884026,0.6184873949579832,conservative_joint_tuning,2
2,111,318,11,0.0001,0.001,[4],0.5,False,32,10,0.0005,0.6324793672627235,0.5953488372093023,0.5825991189427313,conservative_joint_tuning,2
3,111,322,11,0.0001,0.001,[4],0.5,False,32,10,0.0005,0.468200146627566,0.34965034965034963,0.30405405405405406,conservative_joint_tuning,2
4,111,330,11,0.0001,0.001,[4],0.5,False,32,10,0.0005,0.3668924466338259,0.33877551020408164,0.4338235294117647,conservative_joint_tuning,2
5,111,315,11,0.0001,0.001,[4],0.5,False,32,10,0.0005,0.6241675429372591,0.629976580796253,0.6951983298538622,conservative_joint_tuning,2
1,112,326,11,0.0001,0.001,[4],0.6,False,32,10,0.0005,0.4664448669201521,0.49671772428884026,0.6184873949579832,conservative_joint_tuning,3
2,111,318,11,0.0001,0.001,[4],0.6,False,32,10,0.0005,0.6324793672627235,0.5953488372093023,0.5825991189427313,conservative_joint_tuning,3
3,111,322,11,0.0001,0.001,[4],0.6,False,32,10,0.0005,0.468200146627566,0.34965034965034963,0.30405405405405406,conservative_joint_tuning,3
4,111,330,11,0.0001,0.001,[4],0.6,False,32,10,0.0005,0.3668924466338259,0.33877551020408164,0.4338235294117647,conservative_joint_tuning,3
5,111,315,11,0.0001,0.001,[4],0.6,False,32,10,0.0005,0.6241675429372591,0.629976580796253,0.6951983298538622,conservative_joint_tuning,3
1,112,326,11,0.0001,0.001,[8],0.4,False,32,10,0.0005,0.6454372623574145,0.4310722100656455,0.31092436974789917,conservative_joint_tuning,4
2,111,318,13,0.0001,0.001,[8],0.4,False,32,10,0.0005,0.5988651994497937,0.5186046511627908,0.6057268722466961,conservative_joint_tuning,4
3,111,322,11,0.0001,0.001,[8],0.4,False,32,10,0.0005,0.5098973607038123,0.3333333333333333,0.6756756756756757,conservative_joint_tuning,4
4,111,330,14,0.0001,0.001,[8],0.4,False,32,10,0.0005,0.5299671592775042,0.6653061224489796,0.4970588235294118,conservative_joint_tuning,4
5,111,315,11,0.0001,0.001,[8],0.4,False,32,10,0.0005,0.5602874167542937,0.7236533957845434,0.8308977035490606,conservative_joint_tuning,4
1,112,326,11,0.0001,0.001,[8],0.5,False,32,10,0.0005,0.6454372623574145,0.4310722100656455,0.31092436974789917,conservative_joint_tuning,5
2,111,318,13,0.0001,0.001,[8],0.5,False,32,10,0.0005,0.5973177441540578,0.513953488372093,0.6035242290748899,conservative_joint_tuning,5
3,111,322,11,0.0001,0.001,[8],0.5,False,32,10,0.0005,0.5098973607038123,0.3333333333333333,0.6756756756756757,conservative_joint_tuning,5
4,111,330,14,0.0001,0.001,[8],0.5,False,32,10,0.0005,0.5293513957307061,0.6755102040816326,0.49411764705882355,conservative_joint_tuning,5
5,111,315,11,0.0001,0.001,[8],0.5,False,32,10,0.0005,0.5602874167542937,0.7236533957845434,0.8308977035490606,conservative_joint_tuning,5
1,112,326,11,0.0001,0.001,[8],0.6,False,32,10,0.0005,0.6454372623574145,0.4310722100656455,0.31092436974789917,conservative_joint_tuning,6
2,111,318,13,0.0001,0.001,[8],0.6,False,32,10,0.0005,0.5952544704264099,0.5093023255813953,0.6013215859030837,conservative_joint_tuning,6
3,111,322,11,0.0001,0.001,[8],0.6,False,32,10,0.0005,0.5098973607038123,0.3333333333333333,0.6756756756756757,conservative_joint_tuning,6
4,111,330,14,0.0001,0.001,[8],0.6,False,32,10,0.0005,0.5213464696223317,0.6673469387755102,0.4838235294117647,conservative_joint_tuning,6
5,111,315,11,0.0001,0.001,[8],0.6,False,32,10,0.0005,0.5602874167542937,0.7236533957845434,0.8308977035490606,conservative_joint_tuning,6
1,112,326,11,0.0001,0.001,[16],0.4,False,32,10,0.0005,0.3821292775665399,0.3916849015317287,0.6,conservative_joint_tuning,7
2,111,318,12,0.0001,0.001,[16],0.4,False,32,10,0.0005,0.6372077028885832,0.7395348837209302,0.6806167400881057,conservative_joint_tuning,7
3,111,322,12,0.0001,0.001,[16],0.4,False,32,10,0.0005,0.5734970674486803,0.337995337995338,0.6537162162162162,conservative_joint_tuning,7
4,111,330,12,0.0001,0.001,[16],0.4,False,32,10,0.0005,0.6067323481116584,0.6020408163265306,0.6544117647058824,conservative_joint_tuning,7
5,111,315,12,0.0001,0.001,[16],0.4,False,32,10,0.0005,0.5672975814931651,0.5105386416861827,0.3653444676409186,conservative_joint_tuning,7
1,112,326,11,0.0001,0.001,[16],0.5,False,32,10,0.0005,0.3821292775665399,0.3916849015317287,0.6,conservative_joint_tuning,8
2,111,318,12,0.0001,0.001,[16],0.5,False,32,10,0.0005,0.6329092159559835,0.7372093023255814,0.6806167400881057,conservative_joint_tuning,8
3,111,322,12,0.0001,0.001,[16],0.5,False,32,10,0.0005,0.5707478005865103,0.32867132867132864,0.6554054054054054,conservative_joint_tuning,8
4,111,330,12,0.0001,0.001,[16],0.5,False,32,10,0.0005,0.6081691297208539,0.6,0.65,conservative_joint_tuning,8
5,111,315,12,0.0001,0.001,[16],0.5,False,32,10,0.0005,0.5644935155976165,0.5128805620608899,0.35908141962421714,conservative_joint_tuning,8
1,112,326,11,0.0001,0.001,[16],0.6,False,32,10,0.0005,0.3821292775665399,0.3916849015317287,0.6,conservative_joint_tuning,9
2,111,318,12,0.0001,0.001,[16],0.6,False,32,10,0.0005,0.6339408528198074,0.7348837209302326,0.6806167400881057,conservative_joint_tuning,9
3,111,322,12,0.0001,0.001,[16],0.6,False,32,10,0.0005,0.5687316715542522,0.32634032634032634,0.6554054054054054,conservative_joint_tuning,9
4,111,330,12,0.0001,0.001,[16],0.6,False,32,10,0.0005,0.6069376026272578,0.6020408163265306,0.6514705882352941,conservative_joint_tuning,9
5,111,315,12,0.0001,0.001,[16],0.6,False,32,10,0.0005,0.5608131791097091,0.5081967213114754,0.35490605427974947,conservative_joint_tuning,9
1,112,326,11,0.0001,0.001,"[8, 4]",0.4,False,32,10,0.0005,0.5819391634980988,0.29540481400437635,0.49747899159663866,conservative_joint_tuning,10
2,111,318,11,0.0001,0.001,"[8, 4]",0.4,False,32,10,0.0005,0.4672455295735901,0.4930232558139535,0.5198237885462555,conservative_joint_tuning,10
3,111,322,12,0.0001,0.001,"[8, 4]",0.4,False,32,10,0.0005,0.593108504398827,0.5034965034965035,0.7128378378378378,conservative_joint_tuning,10
4,111,330,11,0.0001,0.001,"[8, 4]",0.4,False,32,10,0.0005,0.5653735632183908,0.40816326530612246,0.6051470588235294,conservative_joint_tuning,10
5,111,315,12,0.0001,0.001,"[8, 4]",0.4,False,32,10,0.0005,0.5399579390115667,0.36768149882903983,0.5532359081419624,conservative_joint_tuning,10
1,112,326,11,0.0001,0.001,"[8, 4]",0.5,False,32,10,0.0005,0.5819391634980988,0.29540481400437635,0.49747899159663866,conservative_joint_tuning,11
2,111,318,11,0.0001,0.001,"[8, 4]",0.5,False,32,10,0.0005,0.4672455295735901,0.4930232558139535,0.5198237885462555,conservative_joint_tuning,11
3,111,322,12,0.0001,0.001,"[8, 4]",0.5,False,32,10,0.0005,0.5881598240469208,0.5058275058275058,0.7077702702702703,conservative_joint_tuning,11
4,111,330,11,0.0001,0.001,"[8, 4]",0.5,False,32,10,0.0005,0.5653735632183908,0.40816326530612246,0.6051470588235294,conservative_joint_tuning,11
5,111,315,12,0.0001,0.001,"[8, 4]",0.5,False,32,10,0.0005,0.5425867507886435,0.3911007025761124,0.5615866388308977,conservative_joint_tuning,11
1,112,326,11,0.0001,0.001,"[8, 4]",0.6,False,32,10,0.0005,0.5819391634980988,0.29540481400437635,0.49747899159663866,conservative_joint_tuning,12
2,111,318,11,0.0001,0.001,"[8, 4]",0.6,False,32,10,0.0005,0.4672455295735901,0.4930232558139535,0.5198237885462555,conservative_joint_tuning,12
3,111,322,12,0.0001,0.001,"[8, 4]",0.6,False,32,10,0.0005,0.5885263929618768,0.5174825174825175,0.7195945945945946,conservative_joint_tuning,12
4,111,330,11,0.0001,0.001,"[8, 4]",0.6,False,32,10,0.0005,0.5653735632183908,0.40816326530612246,0.6051470588235294,conservative_joint_tuning,12
5,111,315,12,0.0001,0.001,"[8, 4]",0.6,False,32,10,0.0005,0.5369786189975464,0.3840749414519906,0.5594989561586639,conservative_joint_tuning,12
1,112,326,11,0.0001,0.01,[4],0.4,False,32,10,0.0005,0.4664448669201521,0.49671772428884026,0.6184873949579832,conservative_joint_tuning,13
2,111,318,11,0.0001,0.01,[4],0.4,False,32,10,0.0005,0.6324793672627235,0.5953488372093023,0.5825991189427313,conservative_joint_tuning,13
3,111,322,11,0.0001,0.01,[4],0.4,False,32,10,0.0005,0.468200146627566,0.34965034965034963,0.30405405405405406,conservative_joint_tuning,13
4,111,330,11,0.0001,0.01,[4],0.4,False,32,10,0.0005,0.3668924466338259,0.33877551020408164,0.4338235294117647,conservative_joint_tuning,13
5,111,315,11,0.0001,0.01,[4],0.4,False,32,10,0.0005,0.6241675429372591,0.629976580796253,0.6951983298538622,conservative_joint_tuning,13
1,112,326,11,0.0001,0.01,[4],0.5,False,32,10,0.0005,0.4664448669201521,0.49671772428884026,0.6184873949579832,conservative_joint_tuning,14
2,111,318,11,0.0001,0.01,[4],0.5,False,32,10,0.0005,0.6324793672627235,0.5953488372093023,0.5825991189427313,conservative_joint_tuning,14
3,111,322,11,0.0001,0.01,[4],0.5,False,32,10,0.0005,0.468200146627566,0.34965034965034963,0.30405405405405406,conservative_joint_tuning,14
4,111,330,11,0.0001,0.01,[4],0.5,False,32,10,0.0005,0.3668924466338259,0.33877551020408164,0.4338235294117647,conservative_joint_tuning,14
5,111,315,11,0.0001,0.01,[4],0.5,False,32,10,0.0005,0.6241675429372591,0.629976580796253,0.6951983298538622,conservative_joint_tuning,14
1,112,326,11,0.0001,0.01,[4],0.6,False,32,10,0.0005,0.4664448669201521,0.49671772428884026,0.6184873949579832,conservative_joint_tuning,15
2,111,318,11,0.0001,0.01,[4],0.6,False,32,10,0.0005,0.6324793672627235,0.5953488372093023,0.5825991189427313,conservative_joint_tuning,15
3,111,322,11,0.0001,0.01,[4],0.6,False,32,10,0.0005,0.468200146627566,0.34965034965034963,0.30405405405405406,conservative_joint_tuning,15
4,111,330,11,0.0001,0.01,[4],0.6,False,32,10,0.0005,0.3668924466338259,0.33877551020408164,0.4338235294117647,conservative_joint_tuning,15
5,111,315,11,0.0001,0.01,[4],0.6,False,32,10,0.0005,0.6241675429372591,0.629976580796253,0.6951983298538622,conservative_joint_tuning,15
1,112,326,11,0.0001,0.01,[8],0.4,False,32,10,0.0005,0.6454372623574145,0.4310722100656455,0.31092436974789917,conservative_joint_tuning,16
2,111,318,13,0.0001,0.01,[8],0.4,False,32,10,0.0005,0.5988651994497937,0.5186046511627908,0.6057268722466961,conservative_joint_tuning,16
3,111,322,11,0.0001,0.01,[8],0.4,False,32,10,0.0005,0.5098973607038123,0.3333333333333333,0.6756756756756757,conservative_joint_tuning,16
4,111,330,14,0.0001,0.01,[8],0.4,False,32,10,0.0005,0.5303776683087028,0.6653061224489796,0.4970588235294118,conservative_joint_tuning,16
5,111,315,11,0.0001,0.01,[8],0.4,False,32,10,0.0005,0.5602874167542937,0.7236533957845434,0.8308977035490606,conservative_joint_tuning,16
1,112,326,11,0.0001,0.01,[8],0.5,False,32,10,0.0005,0.6454372623574145,0.4310722100656455,0.31092436974789917,conservative_joint_tuning,17
2,111,318,13,0.0001,0.01,[8],0.5,False,32,10,0.0005,0.5973177441540578,0.513953488372093,0.6035242290748899,conservative_joint_tuning,17
3,111,322,11,0.0001,0.01,[8],0.5,False,32,10,0.0005,0.5098973607038123,0.3333333333333333,0.6756756756756757,conservative_joint_tuning,17
4,111,330,14,0.0001,0.01,[8],0.5,False,32,10,0.0005,0.5293513957307061,0.6755102040816326,0.49411764705882355,conservative_joint_tuning,17
5,111,315,11,0.0001,0.01,[8],0.5,False,32,10,0.0005,0.5602874167542937,0.7236533957845434,0.8308977035490606,conservative_joint_tuning,17
1,112,326,11,0.0001,0.01,[8],0.6,False,32,10,0.0005,0.6454372623574145,0.4310722100656455,0.31092436974789917,conservative_joint_tuning,18
2,111,318,13,0.0001,0.01,[8],0.6,False,32,10,0.0005,0.5952544704264099,0.5093023255813953,0.6013215859030837,conservative_joint_tuning,18
3,111,322,11,0.0001,0.01,[8],0.6,False,32,10,0.0005,0.5098973607038123,0.3333333333333333,0.6756756756756757,conservative_joint_tuning,18
4,111,330,14,0.0001,0.01,[8],0.6,False,32,10,0.0005,0.5213464696223317,0.6673469387755102,0.4838235294117647,conservative_joint_tuning,18
5,111,315,11,0.0001,0.01,[8],0.6,False,32,10,0.0005,0.5602874167542937,0.7236533957845434,0.8308977035490606,conservative_joint_tuning,18
1,112,326,11,0.0001,0.01,[16],0.4,False,32,10,0.0005,0.3821292775665399,0.3916849015317287,0.6,conservative_joint_tuning,19
2,111,318,12,0.0001,0.01,[16],0.4,False,32,10,0.0005,0.6373796423658872,0.7395348837209302,0.6806167400881057,conservative_joint_tuning,19
3,111,322,12,0.0001,0.01,[16],0.4,False,32,10,0.0005,0.5734970674486803,0.337995337995338,0.6537162162162162,conservative_joint_tuning,19
4,111,330,12,0.0001,0.01,[16],0.4,False,32,10,0.0005,0.6065270935960592,0.6020408163265306,0.6544117647058824,conservative_joint_tuning,19
5,111,315,12,0.0001,0.01,[16],0.4,False,32,10,0.0005,0.5674728356116369,0.5105386416861827,0.3653444676409186,conservative_joint_tuning,19
1,112,326,11,0.0001,0.01,[16],0.5,False,32,10,0.0005,0.3821292775665399,0.3916849015317287,0.6,conservative_joint_tuning,20
2,111,318,12,0.0001,0.01,[16],0.5,False,32,10,0.0005,0.6330811554332875,0.7372093023255814,0.6806167400881057,conservative_joint_tuning,20
3,111,322,12,0.0001,0.01,[16],0.5,False,32,10,0.0005,0.5709310850439883,0.32867132867132864,0.6554054054054054,conservative_joint_tuning,20
4,111,330,12,0.0001,0.01,[16],0.5,False,32,10,0.0005,0.6079638752052545,0.6,0.65,conservative_joint_tuning,20
5,111,315,12,0.0001,0.01,[16],0.5,False,32,10,0.0005,0.5646687697160884,0.5128805620608899,0.35908141962421714,conservative_joint_tuning,20
1,112,326,11,0.0001,0.01,[16],0.6,False,32,10,0.0005,0.3821292775665399,0.3916849015317287,0.6,conservative_joint_tuning,21
2,111,318,12,0.0001,0.01,[16],0.6,False,32,10,0.0005,0.6334250343878954,0.7348837209302326,0.6784140969162996,conservative_joint_tuning,21
3,111,322,12,0.0001,0.01,[16],0.6,False,32,10,0.0005,0.5687316715542522,0.32634032634032634,0.6554054054054054,conservative_joint_tuning,21
4,111,330,12,0.0001,0.01,[16],0.6,False,32,10,0.0005,0.6069376026272578,0.6020408163265306,0.6514705882352941,conservative_joint_tuning,21
5,111,315,12,0.0001,0.01,[16],0.6,False,32,10,0.0005,0.5606379249912373,0.5081967213114754,0.35490605427974947,conservative_joint_tuning,21
1,112,326,11,0.0001,0.01,"[8, 4]",0.4,False,32,10,0.0005,0.5819391634980988,0.29540481400437635,0.49747899159663866,conservative_joint_tuning,22
2,111,318,11,0.0001,0.01,"[8, 4]",0.4,False,32,10,0.0005,0.4672455295735901,0.4930232558139535,0.5198237885462555,conservative_joint_tuning,22
3,111,322,12,0.0001,0.01,"[8, 4]",0.4,False,32,10,0.0005,0.592925219941349,0.5034965034965035,0.7111486486486487,conservative_joint_tuning,22
4,111,330,11,0.0001,0.01,"[8, 4]",0.4,False,32,10,0.0005,0.5653735632183908,0.40816326530612246,0.6051470588235294,conservative_joint_tuning,22
5,111,315,12,0.0001,0.01,"[8, 4]",0.4,False,32,10,0.0005,0.539782684893095,0.36768149882903983,0.5532359081419624,conservative_joint_tuning,22
1,112,326,11,0.0001,0.01,"[8, 4]",0.5,False,32,10,0.0005,0.5819391634980988,0.29540481400437635,0.49747899159663866,conservative_joint_tuning,23
2,111,318,11,0.0001,0.01,"[8, 4]",0.5,False,32,10,0.0005,0.4672455295735901,0.4930232558139535,0.5198237885462555,conservative_joint_tuning,23
3,111,322,12,0.0001,0.01,"[8, 4]",0.5,False,32,10,0.0005,0.5877932551319648,0.5058275058275058,0.7077702702702703,conservative_joint_tuning,23
4,111,330,11,0.0001,0.01,"[8, 4]",0.5,False,32,10,0.0005,0.5653735632183908,0.40816326530612246,0.6051470588235294,conservative_joint_tuning,23
5,111,315,12,0.0001,0.01,"[8, 4]",0.5,False,32,10,0.0005,0.5424114966701717,0.39344262295081966,0.5615866388308977,conservative_joint_tuning,23
1,112,326,11,0.0001,0.01,"[8, 4]",0.6,False,32,10,0.0005,0.5819391634980988,0.29540481400437635,0.49747899159663866,conservative_joint_tuning,24
2,111,318,11,0.0001,0.01,"[8, 4]",0.6,False,32,10,0.0005,0.4672455295735901,0.4930232558139535,0.5198237885462555,conservative_joint_tuning,24
3,111,322,12,0.0001,0.01,"[8, 4]",0.6,False,32,10,0.0005,0.5876099706744868,0.5104895104895105,0.7195945945945946,conservative_joint_tuning,24
4,111,330,11,0.0001,0.01,"[8, 4]",0.6,False,32,10,0.0005,0.5653735632183908,0.40816326530612246,0.6051470588235294,conservative_joint_tuning,24
5,111,315,12,0.0001,0.01,"[8, 4]",0.6,False,32,10,0.0005,0.5369786189975464,0.3864168618266979,0.5594989561586639,conservative_joint_tuning,24
1,112,326,11,0.0001,0.03,[4],0.4,False,32,10,0.0005,0.4664448669201521,0.49671772428884026,0.6184873949579832,conservative_joint_tuning,25
2,111,318,11,0.0001,0.03,[4],0.4,False,32,10,0.0005,0.6324793672627235,0.5953488372093023,0.5825991189427313,conservative_joint_tuning,25
3,111,322,11,0.0001,0.03,[4],0.4,False,32,10,0.0005,0.468200146627566,0.34965034965034963,0.30405405405405406,conservative_joint_tuning,25
4,111,330,11,0.0001,0.03,[4],0.4,False,32,10,0.0005,0.3668924466338259,0.33877551020408164,0.4338235294117647,conservative_joint_tuning,25
5,111,315,11,0.0001,0.03,[4],0.4,False,32,10,0.0005,0.6241675429372591,0.629976580796253,0.6951983298538622,conservative_joint_tuning,25
1,112,326,11,0.0001,0.03,[4],0.5,False,32,10,0.0005,0.4664448669201521,0.49671772428884026,0.6184873949579832,conservative_joint_tuning,26
2,111,318,11,0.0001,0.03,[4],0.5,False,32,10,0.0005,0.6324793672627235,0.5953488372093023,0.5825991189427313,conservative_joint_tuning,26
3,111,322,11,0.0001,0.03,[4],0.5,False,32,10,0.0005,0.468200146627566,0.34965034965034963,0.30405405405405406,conservative_joint_tuning,26
4,111,330,11,0.0001,0.03,[4],0.5,False,32,10,0.0005,0.3668924466338259,0.33877551020408164,0.4338235294117647,conservative_joint_tuning,26
5,111,315,11,0.0001,0.03,[4],0.5,False,32,10,0.0005,0.6241675429372591,0.629976580796253,0.6951983298538622,conservative_joint_tuning,26
1,112,326,11,0.0001,0.03,[4],0.6,False,32,10,0.0005,0.4664448669201521,0.49671772428884026,0.6184873949579832,conservative_joint_tuning,27
2,111,318,11,0.0001,0.03,[4],0.6,False,32,10,0.0005,0.6324793672627235,0.5953488372093023,0.5825991189427313,conservative_joint_tuning,27
3,111,322,11,0.0001,0.03,[4],0.6,False,32,10,0.0005,0.468200146627566,0.34965034965034963,0.30405405405405406,conservative_joint_tuning,27
4,111,330,11,0.0001,0.03,[4],0.6,False,32,10,0.0005,0.3668924466338259,0.33877551020408164,0.4338235294117647,conservative_joint_tuning,27
5,111,315,11,0.0001,0.03,[4],0.6,False,32,10,0.0005,0.6241675429372591,0.629976580796253,0.6951983298538622,conservative_joint_tuning,27
1,112,326,11,0.0001,0.03,[8],0.4,False,32,10,0.0005,0.6454372623574145,0.4310722100656455,0.31092436974789917,conservative_joint_tuning,28
2,111,318,13,0.0001,0.03,[8],0.4,False,32,10,0.0005,0.5986932599724897,0.5186046511627908,0.6079295154185022,conservative_joint_tuning,28
3,111,322,11,0.0001,0.03,[8],0.4,False,32,10,0.0005,0.5098973607038123,0.3333333333333333,0.6756756756756757,conservative_joint_tuning,28
4,111,330,14,0.0001,0.03,[8],0.4,False,32,10,0.0005,0.5303776683087028,0.6653061224489796,0.4970588235294118,conservative_joint_tuning,28
5,111,315,11,0.0001,0.03,[8],0.4,False,32,10,0.0005,0.5602874167542937,0.7236533957845434,0.8308977035490606,conservative_joint_tuning,28
1,112,326,11,0.0001,0.03,[8],0.5,False,32,10,0.0005,0.6454372623574145,0.4310722100656455,0.31092436974789917,conservative_joint_tuning,29
2,111,318,13,0.0001,0.03,[8],0.5,False,32,10,0.0005,0.5974896836313618,0.513953488372093,0.6035242290748899,conservative_joint_tuning,29
3,111,322,11,0.0001,0.03,[8],0.5,False,32,10,0.0005,0.5098973607038123,0.3333333333333333,0.6756756756756757,conservative_joint_tuning,29
4,111,330,14,0.0001,0.03,[8],0.5,False,32,10,0.0005,0.5289408866995073,0.6755102040816326,0.49411764705882355,conservative_joint_tuning,29
5,111,315,11,0.0001,0.03,[8],0.5,False,32,10,0.0005,0.5602874167542937,0.7236533957845434,0.8308977035490606,conservative_joint_tuning,29
1,112,326,11,0.0001,0.03,[8],0.6,False,32,10,0.0005,0.6454372623574145,0.4310722100656455,0.31092436974789917,conservative_joint_tuning,30
2,111,318,13,0.0001,0.03,[8],0.6,False,32,10,0.0005,0.5952544704264099,0.5093023255813953,0.6013215859030837,conservative_joint_tuning,30
3,111,322,11,0.0001,0.03,[8],0.6,False,32,10,0.0005,0.5098973607038123,0.3333333333333333,0.6756756756756757,conservative_joint_tuning,30
4,111,330,14,0.0001,0.03,[8],0.6,False,32,10,0.0005,0.5213464696223317,0.6693877551020408,0.4838235294117647,conservative_joint_tuning,30
5,111,315,11,0.0001,0.03,[8],0.6,False,32,10,0.0005,0.5602874167542937,0.7236533957845434,0.8308977035490606,conservative_joint_tuning,30
1,112,326,11,0.0001,0.03,[16],0.4,False,32,10,0.0005,0.3821292775665399,0.3916849015317287,0.6,conservative_joint_tuning,31
2,111,318,12,0.0001,0.03,[16],0.4,False,32,10,0.0005,0.6372077028885832,0.7372093023255814,0.6806167400881057,conservative_joint_tuning,31
3,111,322,12,0.0001,0.03,[16],0.4,False,32,10,0.0005,0.5736803519061584,0.337995337995338,0.6537162162162162,conservative_joint_tuning,31
4,111,330,12,0.0001,0.03,[16],0.4,False,32,10,0.0005,0.6067323481116584,0.6,0.6544117647058824,conservative_joint_tuning,31
5,111,315,12,0.0001,0.03,[16],0.4,False,32,10,0.0005,0.5674728356116369,0.5105386416861827,0.3653444676409186,conservative_joint_tuning,31
1,112,326,11,0.0001,0.03,[16],0.5,False,32,10,0.0005,0.3821292775665399,0.3916849015317287,0.6,conservative_joint_tuning,32
2,111,318,12,0.0001,0.03,[16],0.5,False,32,10,0.0005,0.6329092159559835,0.7372093023255814,0.6806167400881057,conservative_joint_tuning,32
3,111,322,12,0.0001,0.03,[16],0.5,False,32,10,0.0005,0.5709310850439883,0.331002331002331,0.6554054054054054,conservative_joint_tuning,32
4,111,330,12,0.0001,0.03,[16],0.5,False,32,10,0.0005,0.6079638752052545,0.6,0.65,conservative_joint_tuning,32
5,111,315,12,0.0001,0.03,[16],0.5,False,32,10,0.0005,0.5643182614791448,0.5128805620608899,0.35908141962421714,conservative_joint_tuning,32
1,112,326,11,0.0001,0.03,[16],0.6,False,32,10,0.0005,0.3821292775665399,0.3916849015317287,0.6,conservative_joint_tuning,33
2,111,318,12,0.0001,0.03,[16],0.6,False,32,10,0.0005,0.6334250343878954,0.7348837209302326,0.6828193832599119,conservative_joint_tuning,33
3,111,322,12,0.0001,0.03,[16],0.6,False,32,10,0.0005,0.5685483870967742,0.32634032634032634,0.6554054054054054,conservative_joint_tuning,33
4,111,330,12,0.0001,0.03,[16],0.6,False,32,10,0.0005,0.6069376026272578,0.6020408163265306,0.6514705882352941,conservative_joint_tuning,33
5,111,315,12,0.0001,0.03,[16],0.6,False,32,10,0.0005,0.5606379249912373,0.5081967213114754,0.35490605427974947,conservative_joint_tuning,33
1,112,326,11,0.0001,0.03,"[8, 4]",0.4,False,32,10,0.0005,0.5819391634980988,0.29540481400437635,0.49747899159663866,conservative_joint_tuning,34
2,111,318,11,0.0001,0.03,"[8, 4]",0.4,False,32,10,0.0005,0.4672455295735901,0.4930232558139535,0.5198237885462555,conservative_joint_tuning,34
3,111,322,12,0.0001,0.03,"[8, 4]",0.4,False,32,10,0.0005,0.593291788856305,0.5058275058275058,0.7128378378378378,conservative_joint_tuning,34
4,111,330,11,0.0001,0.03,"[8, 4]",0.4,False,32,10,0.0005,0.5653735632183908,0.40816326530612246,0.6051470588235294,conservative_joint_tuning,34
5,111,315,12,0.0001,0.03,"[8, 4]",0.4,False,32,10,0.0005,0.5396074307746233,0.36768149882903983,0.5532359081419624,conservative_joint_tuning,34
1,112,326,11,0.0001,0.03,"[8, 4]",0.5,False,32,10,0.0005,0.5819391634980988,0.29540481400437635,0.49747899159663866,conservative_joint_tuning,35
2,111,318,11,0.0001,0.03,"[8, 4]",0.5,False,32,10,0.0005,0.4672455295735901,0.4930232558139535,0.5198237885462555,conservative_joint_tuning,35
3,111,322,12,0.0001,0.03,"[8, 4]",0.5,False,32,10,0.0005,0.5881598240469208,0.5058275058275058,0.7077702702702703,conservative_joint_tuning,35
4,111,330,11,0.0001,0.03,"[8, 4]",0.5,False,32,10,0.0005,0.5653735632183908,0.40816326530612246,0.6051470588235294,conservative_joint_tuning,35
5,111,315,12,0.0001,0.03,"[8, 4]",0.5,False,32,10,0.0005,0.5420609884332281,0.39344262295081966,0.5615866388308977,conservative_joint_tuning,35
1,112,326,11,0.0001,0.03,"[8, 4]",0.6,False,32,10,0.0005,0.5819391634980988,0.29540481400437635,0.49747899159663866,conservative_joint_tuning,36
2,111,318,11,0.0001,0.03,"[8, 4]",0.6,False,32,10,0.0005,0.4672455295735901,0.4930232558139535,0.5198237885462555,conservative_joint_tuning,36
3,111,322,12,0.0001,0.03,"[8, 4]",0.6,False,32,10,0.0005,0.5881598240469208,0.5151515151515151,0.7195945945945946,conservative_joint_tuning,36
4,111,330,11,0.0001,0.03,"[8, 4]",0.6,False,32,10,0.0005,0.5653735632183908,0.40816326530612246,0.6051470588235294,conservative_joint_tuning,36
5,111,315,12,0.0001,0.03,"[8, 4]",0.6,False,32,10,0.0005,0.5361023484051876,0.3864168618266979,0.5594989561586639,conservative_joint_tuning,36
1,112,326,11,0.0003,0.001,[4],0.4,False,32,10,0.0005,0.4664448669201521,0.49671772428884026,0.6184873949579832,conservative_joint_tuning,37
2,111,318,11,0.0003,0.001,[4],0.4,False,32,10,0.0005,0.6324793672627235,0.5953488372093023,0.5825991189427313,conservative_joint_tuning,37
3,111,322,11,0.0003,0.001,[4],0.4,False,32,10,0.0005,0.468200146627566,0.34965034965034963,0.30405405405405406,conservative_joint_tuning,37
4,111,330,11,0.0003,0.001,[4],0.4,False,32,10,0.0005,0.3668924466338259,0.33877551020408164,0.4338235294117647,conservative_joint_tuning,37
5,111,315,11,0.0003,0.001,[4],0.4,False,32,10,0.0005,0.6241675429372591,0.629976580796253,0.6951983298538622,conservative_joint_tuning,37
1,112,326,11,0.0003,0.001,[4],0.5,False,32,10,0.0005,0.4664448669201521,0.49671772428884026,0.6184873949579832,conservative_joint_tuning,38
2,111,318,11,0.0003,0.001,[4],0.5,False,32,10,0.0005,0.6324793672627235,0.5953488372093023,0.5825991189427313,conservative_joint_tuning,38
3,111,322,11,0.0003,0.001,[4],0.5,False,32,10,0.0005,0.468200146627566,0.34965034965034963,0.30405405405405406,conservative_joint_tuning,38
4,111,330,11,0.0003,0.001,[4],0.5,False,32,10,0.0005,0.3668924466338259,0.33877551020408164,0.4338235294117647,conservative_joint_tuning,38
5,111,315,11,0.0003,0.001,[4],0.5,False,32,10,0.0005,0.6241675429372591,0.629976580796253,0.6951983298538622,conservative_joint_tuning,38
1,112,326,11,0.0003,0.001,[4],0.6,False,32,10,0.0005,0.4664448669201521,0.49671772428884026,0.6184873949579832,conservative_joint_tuning,39
2,111,318,11,0.0003,0.001,[4],0.6,False,32,10,0.0005,0.6324793672627235,0.5953488372093023,0.5825991189427313,conservative_joint_tuning,39
3,111,322,11,0.0003,0.001,[4],0.6,False,32,10,0.0005,0.468200146627566,0.34965034965034963,0.30405405405405406,conservative_joint_tuning,39
4,111,330,11,0.0003,0.001,[4],0.6,False,32,10,0.0005,0.3668924466338259,0.33877551020408164,0.4338235294117647,conservative_joint_tuning,39
5,111,315,11,0.0003,0.001,[4],0.6,False,32,10,0.0005,0.6241675429372591,0.629976580796253,0.6951983298538622,conservative_joint_tuning,39
1,112,326,11,0.0003,0.001,[8],0.4,False,32,10,0.0005,0.6454372623574145,0.4310722100656455,0.31092436974789917,conservative_joint_tuning,40
2,111,318,13,0.0003,0.001,[8],0.4,False,32,10,0.0005,0.672455295735901,0.5465116279069767,0.6585903083700441,conservative_joint_tuning,40
3,111,322,11,0.0003,0.001,[8],0.4,False,32,10,0.0005,0.5098973607038123,0.3333333333333333,0.6756756756756757,conservative_joint_tuning,40
4,111,330,14,0.0003,0.001,[8],0.4,False,32,10,0.0005,0.6272577996715928,0.6714285714285714,0.5764705882352941,conservative_joint_tuning,40
5,111,315,11,0.0003,0.001,[8],0.4,False,32,10,0.0005,0.5602874167542937,0.7236533957845434,0.8308977035490606,conservative_joint_tuning,40
1,112,326,11,0.0003,0.001,[8],0.5,False,32,10,0.0005,0.6454372623574145,0.4310722100656455,0.31092436974789917,conservative_joint_tuning,41
2,111,318,13,0.0003,0.001,[8],0.5,False,32,10,0.0005,0.6660935350756534,0.5465116279069767,0.6431718061674009,conservative_joint_tuning,41
3,111,322,11,0.0003,0.001,[8],0.5,False,32,10,0.0005,0.5098973607038123,0.3333333333333333,0.6756756756756757,conservative_joint_tuning,41
4,111,330,14,0.0003,0.001,[8],0.5,False,32,10,0.0005,0.6412151067323482,0.6979591836734694,0.5705882352941176,conservative_joint_tuning,41
5,111,315,11,0.0003,0.001,[8],0.5,False,32,10,0.0005,0.5602874167542937,0.7236533957845434,0.8308977035490606,conservative_joint_tuning,41
1,112,326,11,0.0003,0.001,[8],0.6,False,32,10,0.0005,0.6454372623574145,0.4310722100656455,0.31092436974789917,conservative_joint_tuning,42
2,111,318,13,0.0003,0.001,[8],0.6,False,32,10,0.0005,0.6547455295735901,0.5441860465116279,0.6145374449339207,conservative_joint_tuning,42
3,111,322,11,0.0003,0.001,[8],0.6,False,32,10,0.0005,0.5098973607038123,0.3333333333333333,0.6756756756756757,conservative_joint_tuning,42
4,111,330,14,0.0003,0.001,[8],0.6,False,32,10,0.0005,0.6091954022988506,0.6816326530612244,0.5338235294117647,conservative_joint_tuning,42
5,111,315,11,0.0003,0.001,[8],0.6,False,32,10,0.0005,0.5602874167542937,0.7236533957845434,0.8308977035490606,conservative_joint_tuning,42
1,112,326,11,0.0003,0.001,[16],0.4,False,32,10,0.0005,0.3821292775665399,0.3916849015317287,0.6,conservative_joint_tuning,43
2,111,318,12,0.0003,0.001,[16],0.4,False,32,10,0.0005,0.6617950481430537,0.7232558139534884,0.6806167400881057,conservative_joint_tuning,43
3,111,322,12,0.0003,0.001,[16],0.4,False,32,10,0.0005,0.6262829912023461,0.32867132867132864,0.6858108108108109,conservative_joint_tuning,43
4,111,330,12,0.0003,0.001,[16],0.4,False,32,10,0.0005,0.6405993431855501,0.6285714285714286,0.6867647058823529,conservative_joint_tuning,43
5,111,315,12,0.0003,0.001,[16],0.4,False,32,10,0.0005,0.615317209954434,0.5597189695550351,0.3883089770354906,conservative_joint_tuning,43
1,112,326,11,0.0003,0.001,[16],0.5,False,32,10,0.0005,0.3821292775665399,0.3916849015317287,0.6,conservative_joint_tuning,44
2,111,318,12,0.0003,0.001,[16],0.5,False,32,10,0.0005,0.6537138927097662,0.713953488372093,0.6762114537444934,conservative_joint_tuning,44
3,111,322,12,0.0003,0.001,[16],0.5,False,32,10,0.0005,0.6130865102639296,0.3123543123543124,0.6875,conservative_joint_tuning,44
4,111,330,12,0.0003,0.001,[16],0.5,False,32,10,0.0005,0.6395730706075534,0.6285714285714286,0.6838235294117647,conservative_joint_tuning,44
5,111,315,12,0.0003,0.001,[16],0.5,False,32,10,0.0005,0.6058534875569576,0.5620608899297423,0.3757828810020877,conservative_joint_tuning,44
1,112,326,11,0.0003,0.001,[16],0.6,False,32,10,0.0005,0.3821292775665399,0.3916849015317287,0.6,conservative_joint_tuning,45
2,111,318,12,0.0003,0.001,[16],0.6,False,32,10,0.0005,0.6528541953232462,0.7325581395348837,0.6806167400881057,conservative_joint_tuning,45
3,111,322,12,0.0003,0.001,[16],0.6,False,32,10,0.0005,0.6079545454545454,0.317016317016317,0.6807432432432432,conservative_joint_tuning,45
4,111,330,12,0.0003,0.001,[16],0.6,False,32,10,0.0005,0.6332101806239737,0.6346938775510204,0.6794117647058824,conservative_joint_tuning,45
5,111,315,12,0.0003,0.001,[16],0.6,False,32,10,0.0005,0.5918331580792149,0.5433255269320844,0.37160751565762007,conservative_joint_tuning,45
1,112,326,11,0.0003,0.001,"[8, 4]",0.4,False,32,10,0.0005,0.5819391634980988,0.29540481400437635,0.49747899159663866,conservative_joint_tuning,46
2,111,318,11,0.0003,0.001,"[8, 4]",0.4,False,32,10,0.0005,0.4672455295735901,0.4930232558139535,0.5198237885462555,conservative_joint_tuning,46
3,111,322,12,0.0003,0.001,"[8, 4]",0.4,False,32,10,0.0005,0.6187683284457478,0.5198135198135199,0.7162162162162162,conservative_joint_tuning,46
4,111,330,11,0.0003,0.001,"[8, 4]",0.4,False,32,10,0.0005,0.5653735632183908,0.40816326530612246,0.6051470588235294,conservative_joint_tuning,46
5,111,315,12,0.0003,0.001,"[8, 4]",0.4,False,32,10,0.0005,0.5683491062039958,0.3629976580796253,0.524008350730689,conservative_joint_tuning,46
1,112,326,11,0.0003,0.001,"[8, 4]",0.5,False,32,10,0.0005,0.5819391634980988,0.29540481400437635,0.49747899159663866,conservative_joint_tuning,47
2,111,318,11,0.0003,0.001,"[8, 4]",0.5,False,32,10,0.0005,0.4672455295735901,0.4930232558139535,0.5198237885462555,conservative_joint_tuning,47
3,111,322,12,0.0003,0.001,"[8, 4]",0.5,False,32,10,0.0005,0.6112536656891495,0.5268065268065268,0.7179054054054054,conservative_joint_tuning,47
4,111,330,11,0.0003,0.001,"[8, 4]",0.5,False,32,10,0.0005,0.5653735632183908,0.40816326530612246,0.6051470588235294,conservative_joint_tuning,47
5,111,315,12,0.0003,0.001,"[8, 4]",0.5,False,32,10,0.0005,0.5664213109008062,0.41920374707259955,0.5803757828810021,conservative_joint_tuning,47
1,112,326,11,0.0003,0.001,"[8, 4]",0.6,False,32,10,0.0005,0.5819391634980988,0.29540481400437635,0.49747899159663866,conservative_joint_tuning,48
2,111,318,11,0.0003,0.001,"[8, 4]",0.6,False,32,10,0.0005,0.4672455295735901,0.4930232558139535,0.5198237885462555,conservative_joint_tuning,48
3,111,322,12,0.0003,0.001,"[8, 4]",0.6,False,32,10,0.0005,0.6158357771260997,0.5151515151515151,0.7432432432432432,conservative_joint_tuning,48
4,111,330,11,0.0003,0.001,"[8, 4]",0.6,False,32,10,0.0005,0.5653735632183908,0.40816326530612246,0.6051470588235294,conservative_joint_tuning,48
5,111,315,12,0.0003,0.001,"[8, 4]",0.6,False,32,10,0.0005,0.5590606379249913,0.3981264637002342,0.5427974947807933,conservative_joint_tuning,48
1,112,326,11,0.0003,0.01,[4],0.4,False,32,10,0.0005,0.4664448669201521,0.49671772428884026,0.6184873949579832,conservative_joint_tuning,49
2,111,318,11,0.0003,0.01,[4],0.4,False,32,10,0.0005,0.6324793672627235,0.5953488372093023,0.5825991189427313,conservative_joint_tuning,49
3,111,322,11,0.0003,0.01,[4],0.4,False,32,10,0.0005,0.468200146627566,0.34965034965034963,0.30405405405405406,conservative_joint_tuning,49
4,111,330,11,0.0003,0.01,[4],0.4,False,32,10,0.0005,0.3668924466338259,0.33877551020408164,0.4338235294117647,conservative_joint_tuning,49
5,111,315,11,0.0003,0.01,[4],0.4,False,32,10,0.0005,0.6241675429372591,0.629976580796253,0.6951983298538622,conservative_joint_tuning,49
1,112,326,11,0.0003,0.01,[4],0.5,False,32,10,0.0005,0.4664448669201521,0.49671772428884026,0.6184873949579832,conservative_joint_tuning,50
2,111,318,11,0.0003,0.01,[4],0.5,False,32,10,0.0005,0.6324793672627235,0.5953488372093023,0.5825991189427313,conservative_joint_tuning,50
3,111,322,11,0.0003,0.01,[4],0.5,False,32,10,0.0005,0.468200146627566,0.34965034965034963,0.30405405405405406,conservative_joint_tuning,50
4,111,330,11,0.0003,0.01,[4],0.5,False,32,10,0.0005,0.3668924466338259,0.33877551020408164,0.4338235294117647,conservative_joint_tuning,50
5,111,315,11,0.0003,0.01,[4],0.5,False,32,10,0.0005,0.6241675429372591,0.629976580796253,0.6951983298538622,conservative_joint_tuning,50
1,112,326,11,0.0003,0.01,[4],0.6,False,32,10,0.0005,0.4664448669201521,0.49671772428884026,0.6184873949579832,conservative_joint_tuning,51
2,111,318,11,0.0003,0.01,[4],0.6,False,32,10,0.0005,0.6324793672627235,0.5953488372093023,0.5825991189427313,conservative_joint_tuning,51
3,111,322,11,0.0003,0.01,[4],0.6,False,32,10,0.0005,0.468200146627566,0.34965034965034963,0.30405405405405406,conservative_joint_tuning,51
4,111,330,11,0.0003,0.01,[4],0.6,False,32,10,0.0005,0.3668924466338259,0.33877551020408164,0.4338235294117647,conservative_joint_tuning,51
5,111,315,11,0.0003,0.01,[4],0.6,False,32,10,0.0005,0.6241675429372591,0.629976580796253,0.6951983298538622,conservative_joint_tuning,51
1,112,326,11,0.0003,0.01,[8],0.4,False,32,10,0.0005,0.6454372623574145,0.4310722100656455,0.31092436974789917,conservative_joint_tuning,52
2,111,318,13,0.0003,0.01,[8],0.4,False,32,10,0.0005,0.672455295735901,0.5465116279069767,0.6585903083700441,conservative_joint_tuning,52
3,111,322,11,0.0003,0.01,[8],0.4,False,32,10,0.0005,0.5098973607038123,0.3333333333333333,0.6756756756756757,conservative_joint_tuning,52
4,111,330,14,0.0003,0.01,[8],0.4,False,32,10,0.0005,0.6272577996715928,0.6714285714285714,0.5764705882352941,conservative_joint_tuning,52
5,111,315,11,0.0003,0.01,[8],0.4,False,32,10,0.0005,0.5602874167542937,0.7236533957845434,0.8308977035490606,conservative_joint_tuning,52
1,112,326,11,0.0003,0.01,[8],0.5,False,32,10,0.0005,0.6454372623574145,0.4310722100656455,0.31092436974789917,conservative_joint_tuning,53
2,111,318,13,0.0003,0.01,[8],0.5,False,32,10,0.0005,0.6659215955983494,0.5465116279069767,0.6453744493392071,conservative_joint_tuning,53
3,111,322,11,0.0003,0.01,[8],0.5,False,32,10,0.0005,0.5098973607038123,0.3333333333333333,0.6756756756756757,conservative_joint_tuning,53
4,111,330,14,0.0003,0.01,[8],0.5,False,32,10,0.0005,0.6412151067323482,0.6979591836734694,0.5705882352941176,conservative_joint_tuning,53
5,111,315,11,0.0003,0.01,[8],0.5,False,32,10,0.0005,0.5602874167542937,0.7236533957845434,0.8308977035490606,conservative_joint_tuning,53
1,112,326,11,0.0003,0.01,[8],0.6,False,32,10,0.0005,0.6454372623574145,0.4310722100656455,0.31092436974789917,conservative_joint_tuning,54
2,111,318,13,0.0003,0.01,[8],0.6,False,32,10,0.0005,0.6547455295735901,0.5441860465116279,0.6145374449339207,conservative_joint_tuning,54
3,111,322,11,0.0003,0.01,[8],0.6,False,32,10,0.0005,0.5098973607038123,0.3333333333333333,0.6756756756756757,conservative_joint_tuning,54
4,111,330,14,0.0003,0.01,[8],0.6,False,32,10,0.0005,0.6098111658456487,0.6816326530612244,0.5338235294117647,conservative_joint_tuning,54
5,111,315,11,0.0003,0.01,[8],0.6,False,32,10,0.0005,0.5602874167542937,0.7236533957845434,0.8308977035490606,conservative_joint_tuning,54
1,112,326,11,0.0003,0.01,[16],0.4,False,32,10,0.0005,0.3821292775665399,0.3916849015317287,0.6,conservative_joint_tuning,55
2,111,318,12,0.0003,0.01,[16],0.4,False,32,10,0.0005,0.6617950481430537,0.7232558139534884,0.6806167400881057,conservative_joint_tuning,55
3,111,322,12,0.0003,0.01,[16],0.4,False,32,10,0.0005,0.626099706744868,0.32867132867132864,0.6858108108108109,conservative_joint_tuning,55
4,111,330,12,0.0003,0.01,[16],0.4,False,32,10,0.0005,0.6408045977011494,0.6285714285714286,0.6867647058823529,conservative_joint_tuning,55
5,111,315,12,0.0003,0.01,[16],0.4,False,32,10,0.0005,0.615317209954434,0.5597189695550351,0.3883089770354906,conservative_joint_tuning,55
1,112,326,11,0.0003,0.01,[16],0.5,False,32,10,0.0005,0.3821292775665399,0.3916849015317287,0.6,conservative_joint_tuning,56
2,111,318,12,0.0003,0.01,[16],0.5,False,32,10,0.0005,0.6537138927097662,0.713953488372093,0.6762114537444934,conservative_joint_tuning,56
3,111,322,12,0.0003,0.01,[16],0.5,False,32,10,0.0005,0.6132697947214076,0.3123543123543124,0.6875,conservative_joint_tuning,56
4,111,330,12,0.0003,0.01,[16],0.5,False,32,10,0.0005,0.6395730706075534,0.6285714285714286,0.6838235294117647,conservative_joint_tuning,56
5,111,315,12,0.0003,0.01,[16],0.5,False,32,10,0.0005,0.6056782334384858,0.5620608899297423,0.3757828810020877,conservative_joint_tuning,56
1,112,326,11,0.0003,0.01,[16],0.6,False,32,10,0.0005,0.3821292775665399,0.3916849015317287,0.6,conservative_joint_tuning,57
2,111,318,12,0.0003,0.01,[16],0.6,False,32,10,0.0005,0.6530261348005502,0.7302325581395349,0.6806167400881057,conservative_joint_tuning,57
3,111,322,12,0.0003,0.01,[16],0.6,False,32,10,0.0005,0.6079545454545454,0.317016317016317,0.6790540540540541,conservative_joint_tuning,57
4,111,330,12,0.0003,0.01,[16],0.6,False,32,10,0.0005,0.6336206896551724,0.6346938775510204,0.6794117647058824,conservative_joint_tuning,57
5,111,315,12,0.0003,0.01,[16],0.6,False,32,10,0.0005,0.591657903960743,0.5433255269320844,0.3736951983298539,conservative_joint_tuning,57
1,112,326,11,0.0003,0.01,"[8, 4]",0.4,False,32,10,0.0005,0.5819391634980988,0.29540481400437635,0.49747899159663866,conservative_joint_tuning,58
2,111,318,11,0.0003,0.01,"[8, 4]",0.4,False,32,10,0.0005,0.4672455295735901,0.4930232558139535,0.5198237885462555,conservative_joint_tuning,58
3,111,322,12,0.0003,0.01,"[8, 4]",0.4,False,32,10,0.0005,0.6189516129032258,0.5198135198135199,0.7162162162162162,conservative_joint_tuning,58
4,111,330,11,0.0003,0.01,"[8, 4]",0.4,False,32,10,0.0005,0.5653735632183908,0.40816326530612246,0.6051470588235294,conservative_joint_tuning,58
5,111,315,12,0.0003,0.01,"[8, 4]",0.4,False,32,10,0.0005,0.568173852085524,0.3629976580796253,0.524008350730689,conservative_joint_tuning,58
1,112,326,11,0.0003,0.01,"[8, 4]",0.5,False,32,10,0.0005,0.5819391634980988,0.29540481400437635,0.49747899159663866,conservative_joint_tuning,59
2,111,318,11,0.0003,0.01,"[8, 4]",0.5,False,32,10,0.0005,0.4672455295735901,0.4930232558139535,0.5198237885462555,conservative_joint_tuning,59
3,111,322,12,0.0003,0.01,"[8, 4]",0.5,False,32,10,0.0005,0.6112536656891495,0.5268065268065268,0.7179054054054054,conservative_joint_tuning,59
4,111,330,11,0.0003,0.01,"[8, 4]",0.5,False,32,10,0.0005,0.5653735632183908,0.40816326530612246,0.6051470588235294,conservative_joint_tuning,59
5,111,315,12,0.0003,0.01,"[8, 4]",0.5,False,32,10,0.0005,0.5665965650192779,0.41920374707259955,0.5782881002087683,conservative_joint_tuning,59
1,112,326,11,0.0003,0.01,"[8, 4]",0.6,False,32,10,0.0005,0.5819391634980988,0.29540481400437635,0.49747899159663866,conservative_joint_tuning,60
2,111,318,11,0.0003,0.01,"[8, 4]",0.6,False,32,10,0.0005,0.4672455295735901,0.4930232558139535,0.5198237885462555,conservative_joint_tuning,60
3,111,322,12,0.0003,0.01,"[8, 4]",0.6,False,32,10,0.0005,0.6162023460410557,0.5128205128205128,0.7432432432432432,conservative_joint_tuning,60
4,111,330,11,0.0003,0.01,"[8, 4]",0.6,False,32,10,0.0005,0.5653735632183908,0.40816326530612246,0.6051470588235294,conservative_joint_tuning,60
5,111,315,12,0.0003,0.01,"[8, 4]",0.6,False,32,10,0.0005,0.5585348755695759,0.40046838407494145,0.5427974947807933,conservative_joint_tuning,60
1,112,326,11,0.0003,0.03,[4],0.4,False,32,10,0.0005,0.4664448669201521,0.49671772428884026,0.6184873949579832,conservative_joint_tuning,61
2,111,318,11,0.0003,0.03,[4],0.4,False,32,10,0.0005,0.6324793672627235,0.5953488372093023,0.5825991189427313,conservative_joint_tuning,61
3,111,322,11,0.0003,0.03,[4],0.4,False,32,10,0.0005,0.468200146627566,0.34965034965034963,0.30405405405405406,conservative_joint_tuning,61
4,111,330,11,0.0003,0.03,[4],0.4,False,32,10,0.0005,0.3668924466338259,0.33877551020408164,0.4338235294117647,conservative_joint_tuning,61
5,111,315,11,0.0003,0.03,[4],0.4,False,32,10,0.0005,0.6241675429372591,0.629976580796253,0.6951983298538622,conservative_joint_tuning,61
1,112,326,11,0.0003,0.03,[4],0.5,False,32,10,0.0005,0.4664448669201521,0.49671772428884026,0.6184873949579832,conservative_joint_tuning,62
2,111,318,11,0.0003,0.03,[4],0.5,False,32,10,0.0005,0.6324793672627235,0.5953488372093023,0.5825991189427313,conservative_joint_tuning,62
3,111,322,11,0.0003,0.03,[4],0.5,False,32,10,0.0005,0.468200146627566,0.34965034965034963,0.30405405405405406,conservative_joint_tuning,62
4,111,330,11,0.0003,0.03,[4],0.5,False,32,10,0.0005,0.3668924466338259,0.33877551020408164,0.4338235294117647,conservative_joint_tuning,62
5,111,315,11,0.0003,0.03,[4],0.5,False,32,10,0.0005,0.6241675429372591,0.629976580796253,0.6951983298538622,conservative_joint_tuning,62
1,112,326,11,0.0003,0.03,[4],0.6,False,32,10,0.0005,0.4664448669201521,0.49671772428884026,0.6184873949579832,conservative_joint_tuning,63
2,111,318,11,0.0003,0.03,[4],0.6,False,32,10,0.0005,0.6324793672627235,0.5953488372093023,0.5825991189427313,conservative_joint_tuning,63
3,111,322,11,0.0003,0.03,[4],0.6,False,32,10,0.0005,0.468200146627566,0.34965034965034963,0.30405405405405406,conservative_joint_tuning,63
4,111,330,11,0.0003,0.03,[4],0.6,False,32,10,0.0005,0.3668924466338259,0.33877551020408164,0.4338235294117647,conservative_joint_tuning,63
5,111,315,11,0.0003,0.03,[4],0.6,False,32,10,0.0005,0.6241675429372591,0.629976580796253,0.6951983298538622,conservative_joint_tuning,63
1,112,326,11,0.0003,0.03,[8],0.4,False,32,10,0.0005,0.6454372623574145,0.4310722100656455,0.31092436974789917,conservative_joint_tuning,64
2,111,318,13,0.0003,0.03,[8],0.4,False,32,10,0.0005,0.6722833562585969,0.5488372093023256,0.6585903083700441,conservative_joint_tuning,64
3,111,322,11,0.0003,0.03,[8],0.4,False,32,10,0.0005,0.5098973607038123,0.3333333333333333,0.6756756756756757,conservative_joint_tuning,64
4,111,330,14,0.0003,0.03,[8],0.4,False,32,10,0.0005,0.6268472906403941,0.6714285714285714,0.5735294117647058,conservative_joint_tuning,64
5,111,315,11,0.0003,0.03,[8],0.4,False,32,10,0.0005,0.5602874167542937,0.7236533957845434,0.8308977035490606,conservative_joint_tuning,64
1,112,326,11,0.0003,0.03,[8],0.5,False,32,10,0.0005,0.6454372623574145,0.4310722100656455,0.31092436974789917,conservative_joint_tuning,65
2,111,318,13,0.0003,0.03,[8],0.5,False,32,10,0.0005,0.6659215955983494,0.5465116279069767,0.6453744493392071,conservative_joint_tuning,65
3,111,322,11,0.0003,0.03,[8],0.5,False,32,10,0.0005,0.5098973607038123,0.3333333333333333,0.6756756756756757,conservative_joint_tuning,65
4,111,330,14,0.0003,0.03,[8],0.5,False,32,10,0.0005,0.6408045977011494,0.6979591836734694,0.5720588235294117,conservative_joint_tuning,65
5,111,315,11,0.0003,0.03,[8],0.5,False,32,10,0.0005,0.5602874167542937,0.7236533957845434,0.8308977035490606,conservative_joint_tuning,65
1,112,326,11,0.0003,0.03,[8],0.6,False,32,10,0.0005,0.6454372623574145,0.4310722100656455,0.31092436974789917,conservative_joint_tuning,66
2,111,318,13,0.0003,0.03,[8],0.6,False,32,10,0.0005,0.655433287482806,0.5441860465116279,0.6145374449339207,conservative_joint_tuning,66
3,111,322,11,0.0003,0.03,[8],0.6,False,32,10,0.0005,0.5098973607038123,0.3333333333333333,0.6756756756756757,conservative_joint_tuning,66
4,111,330,14,0.0003,0.03,[8],0.6,False,32,10,0.0005,0.6094006568144499,0.6816326530612244,0.5338235294117647,conservative_joint_tuning,66
5,111,315,11,0.0003,0.03,[8],0.6,False,32,10,0.0005,0.5602874167542937,0.7236533957845434,0.8308977035490606,conservative_joint_tuning,66
1,112,326,11,0.0003,0.03,[16],0.4,False,32,10,0.0005,0.3821292775665399,0.3916849015317287,0.6,conservative_joint_tuning,67
2,111,318,12,0.0003,0.03,[16],0.4,False,32,10,0.0005,0.6614511691884457,0.7232558139534884,0.6806167400881057,conservative_joint_tuning,67
3,111,322,12,0.0003,0.03,[16],0.4,False,32,10,0.0005,0.626099706744868,0.32867132867132864,0.6841216216216216,conservative_joint_tuning,67
4,111,330,12,0.0003,0.03,[16],0.4,False,32,10,0.0005,0.6414203612479474,0.6285714285714286,0.6867647058823529,conservative_joint_tuning,67
5,111,315,12,0.0003,0.03,[16],0.4,False,32,10,0.0005,0.6147914475990186,0.5597189695550351,0.3883089770354906,conservative_joint_tuning,67
1,112,326,11,0.0003,0.03,[16],0.5,False,32,10,0.0005,0.3821292775665399,0.3916849015317287,0.6,conservative_joint_tuning,68
2,111,318,12,0.0003,0.03,[16],0.5,False,32,10,0.0005,0.6531980742778541,0.713953488372093,0.6762114537444934,conservative_joint_tuning,68
3,111,322,12,0.0003,0.03,[16],0.5,False,32,10,0.0005,0.6134530791788856,0.3123543123543124,0.6858108108108109,conservative_joint_tuning,68
4,111,330,12,0.0003,0.03,[16],0.5,False,32,10,0.0005,0.6395730706075534,0.6285714285714286,0.6823529411764706,conservative_joint_tuning,68
5,111,315,12,0.0003,0.03,[16],0.5,False,32,10,0.0005,0.6056782334384858,0.5644028103044496,0.3778705636743215,conservative_joint_tuning,68
1,112,326,11,0.0003,0.03,[16],0.6,False,32,10,0.0005,0.3821292775665399,0.3916849015317287,0.6,conservative_joint_tuning,69
2,111,318,12,0.0003,0.03,[16],0.6,False,32,10,0.0005,0.6526822558459422,0.7302325581395349,0.6806167400881057,conservative_joint_tuning,69
3,111,322,12,0.0003,0.03,[16],0.6,False,32,10,0.0005,0.6081378299120235,0.317016317016317,0.6790540540540541,conservative_joint_tuning,69
4,111,330,12,0.0003,0.03,[16],0.6,False,32,10,0.0005,0.6332101806239737,0.6346938775510204,0.6794117647058824,conservative_joint_tuning,69
5,111,315,12,0.0003,0.03,[16],0.6,False,32,10,0.0005,0.5920084121976866,0.5433255269320844,0.37160751565762007,conservative_joint_tuning,69
1,112,326,11,0.0003,0.03,"[8, 4]",0.4,False,32,10,0.0005,0.5819391634980988,0.29540481400437635,0.49747899159663866,conservative_joint_tuning,70
2,111,318,11,0.0003,0.03,"[8, 4]",0.4,False,32,10,0.0005,0.4672455295735901,0.4930232558139535,0.5198237885462555,conservative_joint_tuning,70
3,111,322,12,0.0003,0.03,"[8, 4]",0.4,False,32,10,0.0005,0.6187683284457478,0.5198135198135199,0.7162162162162162,conservative_joint_tuning,70
4,111,330,11,0.0003,0.03,"[8, 4]",0.4,False,32,10,0.0005,0.5653735632183908,0.40816326530612246,0.6051470588235294,conservative_joint_tuning,70
5,111,315,12,0.0003,0.03,"[8, 4]",0.4,False,32,10,0.0005,0.5692253767963548,0.36065573770491804,0.524008350730689,conservative_joint_tuning,70
1,112,326,11,0.0003,0.03,"[8, 4]",0.5,False,32,10,0.0005,0.5819391634980988,0.29540481400437635,0.49747899159663866,conservative_joint_tuning,71
2,111,318,11,0.0003,0.03,"[8, 4]",0.5,False,32,10,0.0005,0.4672455295735901,0.4930232558139535,0.5198237885462555,conservative_joint_tuning,71
3,111,322,12,0.0003,0.03,"[8, 4]",0.5,False,32,10,0.0005,0.6110703812316716,0.5291375291375291,0.7179054054054054,conservative_joint_tuning,71
4,111,330,11,0.0003,0.03,"[8, 4]",0.5,False,32,10,0.0005,0.5653735632183908,0.40816326530612246,0.6051470588235294,conservative_joint_tuning,71
5,111,315,12,0.0003,0.03,"[8, 4]",0.5,False,32,10,0.0005,0.5671223273746933,0.41920374707259955,0.5845511482254697,conservative_joint_tuning,71
1,112,326,11,0.0003,0.03,"[8, 4]",0.6,False,32,10,0.0005,0.5819391634980988,0.29540481400437635,0.49747899159663866,conservative_joint_tuning,72
2,111,318,11,0.0003,0.03,"[8, 4]",0.6,False,32,10,0.0005,0.4672455295735901,0.4930232558139535,0.5198237885462555,conservative_joint_tuning,72
3,111,322,12,0.0003,0.03,"[8, 4]",0.6,False,32,10,0.0005,0.6143695014662757,0.5151515151515151,0.7398648648648649,conservative_joint_tuning,72
4,111,330,11,0.0003,0.03,"[8, 4]",0.6,False,32,10,0.0005,0.5653735632183908,0.40816326530612246,0.6051470588235294,conservative_joint_tuning,72
5,111,315,12,0.0003,0.03,"[8, 4]",0.6,False,32,10,0.0005,0.5590606379249913,0.40046838407494145,0.5469728601252609,conservative_joint_tuning,72
1,112,326,11,0.001,0.001,[4],0.4,False,32,10,0.0005,0.4664448669201521,0.49671772428884026,0.6184873949579832,conservative_joint_tuning,73
2,111,318,11,0.001,0.001,[4],0.4,False,32,10,0.0005,0.6324793672627235,0.5953488372093023,0.5825991189427313,conservative_joint_tuning,73
3,111,322,11,0.001,0.001,[4],0.4,False,32,10,0.0005,0.468200146627566,0.34965034965034963,0.30405405405405406,conservative_joint_tuning,73
4,111,330,11,0.001,0.001,[4],0.4,False,32,10,0.0005,0.3668924466338259,0.33877551020408164,0.4338235294117647,conservative_joint_tuning,73
5,111,315,11,0.001,0.001,[4],0.4,False,32,10,0.0005,0.6241675429372591,0.629976580796253,0.6951983298538622,conservative_joint_tuning,73
1,112,326,11,0.001,0.001,[4],0.5,False,32,10,0.0005,0.4664448669201521,0.49671772428884026,0.6184873949579832,conservative_joint_tuning,74
2,111,318,11,0.001,0.001,[4],0.5,False,32,10,0.0005,0.6324793672627235,0.5953488372093023,0.5825991189427313,conservative_joint_tuning,74
3,111,322,11,0.001,0.001,[4],0.5,False,32,10,0.0005,0.468200146627566,0.34965034965034963,0.30405405405405406,conservative_joint_tuning,74
4,111,330,11,0.001,0.001,[4],0.5,False,32,10,0.0005,0.3668924466338259,0.33877551020408164,0.4338235294117647,conservative_joint_tuning,74
5,111,315,11,0.001,0.001,[4],0.5,False,32,10,0.0005,0.6241675429372591,0.629976580796253,0.6951983298538622,conservative_joint_tuning,74
1,112,326,11,0.001,0.001,[4],0.6,False,32,10,0.0005,0.4664448669201521,0.49671772428884026,0.6184873949579832,conservative_joint_tuning,75
2,111,318,11,0.001,0.001,[4],0.6,False,32,10,0.0005,0.6324793672627235,0.5953488372093023,0.5825991189427313,conservative_joint_tuning,75
3,111,322,11,0.001,0.001,[4],0.6,False,32,10,0.0005,0.468200146627566,0.34965034965034963,0.30405405405405406,conservative_joint_tuning,75
4,111,330,11,0.001,0.001,[4],0.6,False,32,10,0.0005,0.3668924466338259,0.33877551020408164,0.4338235294117647,conservative_joint_tuning,75
5,111,315,11,0.001,0.001,[4],0.6,False,32,10,0.0005,0.6241675429372591,0.629976580796253,0.6951983298538622,conservative_joint_tuning,75
1,112,326,11,0.001,0.001,[8],0.4,False,32,10,0.0005,0.6454372623574145,0.4310722100656455,0.31092436974789917,conservative_joint_tuning,76
2,111,318,13,0.001,0.001,[8],0.4,False,32,10,0.0005,0.764958734525447,0.6488372093023256,0.6916299559471366,conservative_joint_tuning,76
3,111,322,11,0.001,0.001,[8],0.4,False,32,10,0.0005,0.5098973607038123,0.3333333333333333,0.6756756756756757,conservative_joint_tuning,76
4,111,330,14,0.001,0.001,[8],0.4,False,32,10,0.0005,0.7716543513957307,0.6673469387755102,0.7102941176470589,conservative_joint_tuning,76
5,111,315,11,0.001,0.001,[8],0.4,False,32,10,0.0005,0.5602874167542937,0.7236533957845434,0.8308977035490606,conservative_joint_tuning,76
1,112,326,11,0.001,0.001,[8],0.5,False,32,10,0.0005,0.6454372623574145,0.4310722100656455,0.31092436974789917,conservative_joint_tuning,77
2,111,318,13,0.001,0.001,[8],0.5,False,32,10,0.0005,0.7532668500687758,0.6372093023255814,0.6718061674008811,conservative_joint_tuning,77
3,111,322,11,0.001,0.001,[8],0.5,False,32,10,0.0005,0.5098973607038123,0.3333333333333333,0.6756756756756757,conservative_joint_tuning,77
4,111,330,14,0.001,0.001,[8],0.5,False,32,10,0.0005,0.7666256157635468,0.689795918367347,0.7161764705882353,conservative_joint_tuning,77
5,111,315,11,0.001,0.001,[8],0.5,False,32,10,0.0005,0.5602874167542937,0.7236533957845434,0.8308977035490606,conservative_joint_tuning,77
1,112,326,11,0.001,0.001,[8],0.6,False,32,10,0.0005,0.6454372623574145,0.4310722100656455,0.31092436974789917,conservative_joint_tuning,78
2,111,318,13,0.001,0.001,[8],0.6,False,32,10,0.0005,0.7293672627235214,0.6534883720930232,0.6409691629955947,conservative_joint_tuning,78
3,111,322,11,0.001,0.001,[8],0.6,False,32,10,0.0005,0.5098973607038123,0.3333333333333333,0.6756756756756757,conservative_joint_tuning,78
4,111,330,14,0.001,0.001,[8],0.6,False,32,10,0.0005,0.742816091954023,0.6755102040816326,0.6735294117647059,conservative_joint_tuning,78
5,111,315,11,0.001,0.001,[8],0.6,False,32,10,0.0005,0.5602874167542937,0.7236533957845434,0.8308977035490606,conservative_joint_tuning,78
1,112,326,11,0.001,0.001,[16],0.4,False,32,10,0.0005,0.3821292775665399,0.3916849015317287,0.6,conservative_joint_tuning,79
2,111,318,12,0.001,0.001,[16],0.4,False,32,10,0.0005,0.7223177441540578,0.7116279069767442,0.6696035242290749,conservative_joint_tuning,79
3,111,322,12,0.001,0.001,[16],0.4,False,32,10,0.0005,0.7153592375366569,0.35664335664335667,0.7466216216216216,conservative_joint_tuning,79
4,111,330,12,0.001,0.001,[16],0.4,False,32,10,0.0005,0.6849343185550082,0.6346938775510204,0.7132352941176471,conservative_joint_tuning,79
5,111,315,12,0.001,0.001,[16],0.4,False,32,10,0.0005,0.6563266736768314,0.6721311475409836,0.48643006263048016,conservative_joint_tuning,79
1,112,326,11,0.001,0.001,[16],0.5,False,32,10,0.0005,0.3821292775665399,0.3916849015317287,0.6,conservative_joint_tuning,80
2,111,318,12,0.001,0.001,[16],0.5,False,32,10,0.0005,0.7027166437414031,0.7046511627906977,0.6497797356828194,conservative_joint_tuning,80
3,111,322,12,0.001,0.001,[16],0.5,False,32,10,0.0005,0.6783357771260997,0.28438228438228436,0.7364864864864865,conservative_joint_tuning,80
4,111,330,12,0.001,0.001,[16],0.5,False,32,10,0.0005,0.6884236453201971,0.6653061224489796,0.7205882352941176,conservative_joint_tuning,80
5,111,315,12,0.001,0.001,[16],0.5,False,32,10,0.0005,0.6414300736067298,0.6768149882903981,0.4801670146137787,conservative_joint_tuning,80
1,112,326,11,0.001,0.001,[16],0.6,False,32,10,0.0005,0.3821292775665399,0.3916849015317287,0.6,conservative_joint_tuning,81
2,111,318,12,0.001,0.001,[16],0.6,False,32,10,0.0005,0.6975584594222833,0.7232558139534884,0.6541850220264317,conservative_joint_tuning,81
3,111,322,12,0.001,0.001,[16],0.6,False,32,10,0.0005,0.6913489736070382,0.2867132867132867,0.7128378378378378,conservative_joint_tuning,81
4,111,330,12,0.001,0.001,[16],0.6,False,32,10,0.0005,0.6711822660098522,0.6693877551020408,0.7411764705882353,conservative_joint_tuning,81
5,111,315,12,0.001,0.001,[16],0.6,False,32,10,0.0005,0.617770767613039,0.667447306791569,0.49478079331941544,conservative_joint_tuning,81
1,112,326,11,0.001,0.001,"[8, 4]",0.4,False,32,10,0.0005,0.5819391634980988,0.29540481400437635,0.49747899159663866,conservative_joint_tuning,82
2,111,318,11,0.001,0.001,"[8, 4]",0.4,False,32,10,0.0005,0.4672455295735901,0.4930232558139535,0.5198237885462555,conservative_joint_tuning,82
3,111,322,12,0.001,0.001,"[8, 4]",0.4,False,32,10,0.0005,0.6629398826979472,0.5687645687645687,0.7364864864864865,conservative_joint_tuning,82
4,111,330,11,0.001,0.001,"[8, 4]",0.4,False,32,10,0.0005,0.5653735632183908,0.40816326530612246,0.6051470588235294,conservative_joint_tuning,82
5,111,315,12,0.001,0.001,"[8, 4]",0.4,False,32,10,0.0005,0.599894847528917,0.3442622950819672,0.5010438413361169,conservative_joint_tuning,82
1,112,326,11,0.001,0.001,"[8, 4]",0.5,False,32,10,0.0005,0.5819391634980988,0.29540481400437635,0.49747899159663866,conservative_joint_tuning,83
2,111,318,11,0.001,0.001,"[8, 4]",0.5,False,32,10,0.0005,0.4672455295735901,0.4930232558139535,0.5198237885462555,conservative_joint_tuning,83
3,111,322,12,0.001,0.001,"[8, 4]",0.5,False,32,10,0.0005,0.6691715542521994,0.5501165501165501,0.722972972972973,conservative_joint_tuning,83
4,111,330,11,0.001,0.001,"[8, 4]",0.5,False,32,10,0.0005,0.5653735632183908,0.40816326530612246,0.6051470588235294,conservative_joint_tuning,83
5,111,315,12,0.001,0.001,"[8, 4]",0.5,False,32,10,0.0005,0.6218016123378899,0.47306791569086654,0.5908141962421712,conservative_joint_tuning,83
1,112,326,11,0.001,0.001,"[8, 4]",0.6,False,32,10,0.0005,0.5819391634980988,0.29540481400437635,0.49747899159663866,conservative_joint_tuning,84
2,111,318,11,0.001,0.001,"[8, 4]",0.6,False,32,10,0.0005,0.4672455295735901,0.4930232558139535,0.5198237885462555,conservative_joint_tuning,84
3,111,322,12,0.001,0.001,"[8, 4]",0.6,False,32,10,0.0005,0.6629398826979472,0.48717948717948717,0.7297297297297297,conservative_joint_tuning,84
4,111,330,11,0.001,0.001,"[8, 4]",0.6,False,32,10,0.0005,0.5653735632183908,0.40816326530612246,0.6051470588235294,conservative_joint_tuning,84
5,111,315,12,0.001,0.001,"[8, 4]",0.6,False,32,10,0.0005,0.6139151770066597,0.4566744730679157,0.5490605427974948,conservative_joint_tuning,84
1,112,326,11,0.001,0.01,[4],0.4,False,32,10,0.0005,0.4664448669201521,0.49671772428884026,0.6184873949579832,conservative_joint_tuning,85
2,111,318,11,0.001,0.01,[4],0.4,False,32,10,0.0005,0.6324793672627235,0.5953488372093023,0.5825991189427313,conservative_joint_tuning,85
3,111,322,11,0.001,0.01,[4],0.4,False,32,10,0.0005,0.468200146627566,0.34965034965034963,0.30405405405405406,conservative_joint_tuning,85
4,111,330,11,0.001,0.01,[4],0.4,False,32,10,0.0005,0.3668924466338259,0.33877551020408164,0.4338235294117647,conservative_joint_tuning,85
5,111,315,11,0.001,0.01,[4],0.4,False,32,10,0.0005,0.6241675429372591,0.629976580796253,0.6951983298538622,conservative_joint_tuning,85
1,112,326,11,0.001,0.01,[4],0.5,False,32,10,0.0005,0.4664448669201521,0.49671772428884026,0.6184873949579832,conservative_joint_tuning,86
2,111,318,11,0.001,0.01,[4],0.5,False,32,10,0.0005,0.6324793672627235,0.5953488372093023,0.5825991189427313,conservative_joint_tuning,86
3,111,322,11,0.001,0.01,[4],0.5,False,32,10,0.0005,0.468200146627566,0.34965034965034963,0.30405405405405406,conservative_joint_tuning,86
4,111,330,11,0.001,0.01,[4],0.5,False,32,10,0.0005,0.3668924466338259,0.33877551020408164,0.4338235294117647,conservative_joint_tuning,86
5,111,315,11,0.001,0.01,[4],0.5,False,32,10,0.0005,0.6241675429372591,0.629976580796253,0.6951983298538622,conservative_joint_tuning,86
1,112,326,11,0.001,0.01,[4],0.6,False,32,10,0.0005,0.4664448669201521,0.49671772428884026,0.6184873949579832,conservative_joint_tuning,87
2,111,318,11,0.001,0.01,[4],0.6,False,32,10,0.0005,0.6324793672627235,0.5953488372093023,0.5825991189427313,conservative_joint_tuning,87
3,111,322,11,0.001,0.01,[4],0.6,False,32,10,0.0005,0.468200146627566,0.34965034965034963,0.30405405405405406,conservative_joint_tuning,87
4,111,330,11,0.001,0.01,[4],0.6,False,32,10,0.0005,0.3668924466338259,0.33877551020408164,0.4338235294117647,conservative_joint_tuning,87
5,111,315,11,0.001,0.01,[4],0.6,False,32,10,0.0005,0.6241675429372591,0.629976580796253,0.6951983298538622,conservative_joint_tuning,87
1,112,326,11,0.001,0.01,[8],0.4,False,32,10,0.0005,0.6454372623574145,0.4310722100656455,0.31092436974789917,conservative_joint_tuning,88
2,111,318,13,0.001,0.01,[8],0.4,False,32,10,0.0005,0.765130674002751,0.6488372093023256,0.6916299559471366,conservative_joint_tuning,88
3,111,322,11,0.001,0.01,[8],0.4,False,32,10,0.0005,0.5098973607038123,0.3333333333333333,0.6756756756756757,conservative_joint_tuning,88
4,111,330,14,0.001,0.01,[8],0.4,False,32,10,0.0005,0.7716543513957307,0.6693877551020408,0.711764705882353,conservative_joint_tuning,88
5,111,315,11,0.001,0.01,[8],0.4,False,32,10,0.0005,0.5602874167542937,0.7236533957845434,0.8308977035490606,conservative_joint_tuning,88
1,112,326,11,0.001,0.01,[8],0.5,False,32,10,0.0005,0.6454372623574145,0.4310722100656455,0.31092436974789917,conservative_joint_tuning,89
2,111,318,13,0.001,0.01,[8],0.5,False,32,10,0.0005,0.7527510316368639,0.6372093023255814,0.6718061674008811,conservative_joint_tuning,89
3,111,322,11,0.001,0.01,[8],0.5,False,32,10,0.0005,0.5098973607038123,0.3333333333333333,0.6756756756756757,conservative_joint_tuning,89
4,111,330,14,0.001,0.01,[8],0.5,False,32,10,0.0005,0.7660098522167488,0.689795918367347,0.7102941176470589,conservative_joint_tuning,89
5,111,315,11,0.001,0.01,[8],0.5,False,32,10,0.0005,0.5602874167542937,0.7236533957845434,0.8308977035490606,conservative_joint_tuning,89
1,112,326,11,0.001,0.01,[8],0.6,False,32,10,0.0005,0.6454372623574145,0.4310722100656455,0.31092436974789917,conservative_joint_tuning,90
2,111,318,13,0.001,0.01,[8],0.6,False,32,10,0.0005,0.7288514442916093,0.6534883720930232,0.6431718061674009,conservative_joint_tuning,90
3,111,322,11,0.001,0.01,[8],0.6,False,32,10,0.0005,0.5098973607038123,0.3333333333333333,0.6756756756756757,conservative_joint_tuning,90
4,111,330,14,0.001,0.01,[8],0.6,False,32,10,0.0005,0.7448686371100164,0.6755102040816326,0.6735294117647059,conservative_joint_tuning,90
5,111,315,11,0.001,0.01,[8],0.6,False,32,10,0.0005,0.5602874167542937,0.7236533957845434,0.8308977035490606,conservative_joint_tuning,90
1,112,326,11,0.001,0.01,[16],0.4,False,32,10,0.0005,0.3821292775665399,0.3916849015317287,0.6,conservative_joint_tuning,91
2,111,318,12,0.001,0.01,[16],0.4,False,32,10,0.0005,0.7212861072902338,0.7046511627906977,0.6718061674008811,conservative_joint_tuning,91
3,111,322,12,0.001,0.01,[16],0.4,False,32,10,0.0005,0.7151759530791789,0.35664335664335667,0.7466216216216216,conservative_joint_tuning,91
4,111,330,12,0.001,0.01,[16],0.4,False,32,10,0.0005,0.6853448275862069,0.6346938775510204,0.711764705882353,conservative_joint_tuning,91
5,111,315,12,0.001,0.01,[16],0.4,False,32,10,0.0005,0.6570276901507185,0.6721311475409836,0.48851774530271397,conservative_joint_tuning,91
1,112,326,11,0.001,0.01,[16],0.5,False,32,10,0.0005,0.3821292775665399,0.3916849015317287,0.6,conservative_joint_tuning,92
2,111,318,12,0.001,0.01,[16],0.5,False,32,10,0.0005,0.702544704264099,0.7046511627906977,0.6475770925110133,conservative_joint_tuning,92
3,111,322,12,0.001,0.01,[16],0.5,False,32,10,0.0005,0.6785190615835777,0.28438228438228436,0.7347972972972973,conservative_joint_tuning,92
4,111,330,12,0.001,0.01,[16],0.5,False,32,10,0.0005,0.6888341543513957,0.6653061224489796,0.7191176470588235,conservative_joint_tuning,92
5,111,315,12,0.001,0.01,[16],0.5,False,32,10,0.0005,0.6417805818436734,0.6768149882903981,0.4801670146137787,conservative_joint_tuning,92
1,112,326,11,0.001,0.01,[16],0.6,False,32,10,0.0005,0.3821292775665399,0.3916849015317287,0.6,conservative_joint_tuning,93
2,111,318,12,0.001,0.01,[16],0.6,False,32,10,0.0005,0.6979023383768913,0.7255813953488373,0.6541850220264317,conservative_joint_tuning,93
3,111,322,12,0.001,0.01,[16],0.6,False,32,10,0.0005,0.6915322580645161,0.289044289044289,0.7094594594594594,conservative_joint_tuning,93
4,111,330,12,0.001,0.01,[16],0.6,False,32,10,0.0005,0.6707717569786535,0.6673469387755102,0.7441176470588236,conservative_joint_tuning,93
5,111,315,12,0.001,0.01,[16],0.6,False,32,10,0.0005,0.617770767613039,0.667447306791569,0.49478079331941544,conservative_joint_tuning,93
1,112,326,11,0.001,0.01,"[8, 4]",0.4,False,32,10,0.0005,0.5819391634980988,0.29540481400437635,0.49747899159663866,conservative_joint_tuning,94
2,111,318,11,0.001,0.01,"[8, 4]",0.4,False,32,10,0.0005,0.4672455295735901,0.4930232558139535,0.5198237885462555,conservative_joint_tuning,94
3,111,322,12,0.001,0.01,"[8, 4]",0.4,False,32,10,0.0005,0.6625733137829912,0.5687645687645687,0.7364864864864865,conservative_joint_tuning,94
4,111,330,11,0.001,0.01,"[8, 4]",0.4,False,32,10,0.0005,0.5653735632183908,0.40816326530612246,0.6051470588235294,conservative_joint_tuning,94
5,111,315,12,0.001,0.01,"[8, 4]",0.4,False,32,10,0.0005,0.601472134595163,0.3442622950819672,0.4968684759916493,conservative_joint_tuning,94
1,112,326,11,0.001,0.01,"[8, 4]",0.5,False,32,10,0.0005,0.5819391634980988,0.29540481400437635,0.49747899159663866,conservative_joint_tuning,95
2,111,318,11,0.001,0.01,"[8, 4]",0.5,False,32,10,0.0005,0.4672455295735901,0.4930232558139535,0.5198237885462555,conservative_joint_tuning,95
3,111,322,12,0.001,0.01,"[8, 4]",0.5,False,32,10,0.0005,0.6693548387096774,0.5501165501165501,0.7212837837837838,conservative_joint_tuning,95
4,111,330,11,0.001,0.01,"[8, 4]",0.5,False,32,10,0.0005,0.5653735632183908,0.40816326530612246,0.6051470588235294,conservative_joint_tuning,95
5,111,315,12,0.001,0.01,"[8, 4]",0.5,False,32,10,0.0005,0.6205748335085874,0.47540983606557374,0.5991649269311065,conservative_joint_tuning,95
1,112,326,11,0.001,0.01,"[8, 4]",0.6,False,32,10,0.0005,0.5819391634980988,0.29540481400437635,0.49747899159663866,conservative_joint_tuning,96
2,111,318,11,0.001,0.01,"[8, 4]",0.6,False,32,10,0.0005,0.4672455295735901,0.4930232558139535,0.5198237885462555,conservative_joint_tuning,96
3,111,322,12,0.001,0.01,"[8, 4]",0.6,False,32,10,0.0005,0.6631231671554252,0.4825174825174825,0.7297297297297297,conservative_joint_tuning,96
4,111,330,11,0.001,0.01,"[8, 4]",0.6,False,32,10,0.0005,0.5653735632183908,0.40816326530612246,0.6051470588235294,conservative_joint_tuning,96
5,111,315,12,0.001,0.01,"[8, 4]",0.6,False,32,10,0.0005,0.6109358569926393,0.4707259953161593,0.5365344467640919,conservative_joint_tuning,96
1,112,326,11,0.001,0.03,[4],0.4,False,32,10,0.0005,0.4664448669201521,0.49671772428884026,0.6184873949579832,conservative_joint_tuning,97
2,111,318,11,0.001,0.03,[4],0.4,False,32,10,0.0005,0.6324793672627235,0.5953488372093023,0.5825991189427313,conservative_joint_tuning,97
3,111,322,11,0.001,0.03,[4],0.4,False,32,10,0.0005,0.468200146627566,0.34965034965034963,0.30405405405405406,conservative_joint_tuning,97
4,111,330,11,0.001,0.03,[4],0.4,False,32,10,0.0005,0.3668924466338259,0.33877551020408164,0.4338235294117647,conservative_joint_tuning,97
5,111,315,11,0.001,0.03,[4],0.4,False,32,10,0.0005,0.6241675429372591,0.629976580796253,0.6951983298538622,conservative_joint_tuning,97
1,112,326,11,0.001,0.03,[4],0.5,False,32,10,0.0005,0.4664448669201521,0.49671772428884026,0.6184873949579832,conservative_joint_tuning,98
2,111,318,11,0.001,0.03,[4],0.5,False,32,10,0.0005,0.6324793672627235,0.5953488372093023,0.5825991189427313,conservative_joint_tuning,98
3,111,322,11,0.001,0.03,[4],0.5,False,32,10,0.0005,0.468200146627566,0.34965034965034963,0.30405405405405406,conservative_joint_tuning,98
4,111,330,11,0.001,0.03,[4],0.5,False,32,10,0.0005,0.3668924466338259,0.33877551020408164,0.4338235294117647,conservative_joint_tuning,98
5,111,315,11,0.001,0.03,[4],0.5,False,32,10,0.0005,0.6241675429372591,0.629976580796253,0.6951983298538622,conservative_joint_tuning,98
1,112,326,11,0.001,0.03,[4],0.6,False,32,10,0.0005,0.4664448669201521,0.49671772428884026,0.6184873949579832,conservative_joint_tuning,99
2,111,318,11,0.001,0.03,[4],0.6,False,32,10,0.0005,0.6324793672627235,0.5953488372093023,0.5825991189427313,conservative_joint_tuning,99
3,111,322,11,0.001,0.03,[4],0.6,False,32,10,0.0005,0.468200146627566,0.34965034965034963,0.30405405405405406,conservative_joint_tuning,99
4,111,330,11,0.001,0.03,[4],0.6,False,32,10,0.0005,0.3668924466338259,0.33877551020408164,0.4338235294117647,conservative_joint_tuning,99
5,111,315,11,0.001,0.03,[4],0.6,False,32,10,0.0005,0.6241675429372591,0.629976580796253,0.6951983298538622,conservative_joint_tuning,99
1,112,326,11,0.001,0.03,[8],0.4,False,32,10,0.0005,0.6454372623574145,0.4310722100656455,0.31092436974789917,conservative_joint_tuning,100
2,111,318,13,0.001,0.03,[8],0.4,False,32,10,0.0005,0.765990371389271,0.6488372093023256,0.6916299559471366,conservative_joint_tuning,100
3,111,322,11,0.001,0.03,[8],0.4,False,32,10,0.0005,0.5098973607038123,0.3333333333333333,0.6756756756756757,conservative_joint_tuning,100
4,111,330,14,0.001,0.03,[8],0.4,False,32,10,0.0005,0.7720648604269293,0.6673469387755102,0.7147058823529412,conservative_joint_tuning,100
5,111,315,11,0.001,0.03,[8],0.4,False,32,10,0.0005,0.5602874167542937,0.7236533957845434,0.8308977035490606,conservative_joint_tuning,100
1,112,326,11,0.001,0.03,[8],0.5,False,32,10,0.0005,0.6454372623574145,0.4310722100656455,0.31092436974789917,conservative_joint_tuning,101
2,111,318,13,0.001,0.03,[8],0.5,False,32,10,0.0005,0.7530949105914718,0.6372093023255814,0.6718061674008811,conservative_joint_tuning,101
3,111,322,11,0.001,0.03,[8],0.5,False,32,10,0.0005,0.5098973607038123,0.3333333333333333,0.6756756756756757,conservative_joint_tuning,101
4,111,330,14,0.001,0.03,[8],0.5,False,32,10,0.0005,0.7666256157635468,0.6918367346938775,0.7088235294117647,conservative_joint_tuning,101
5,111,315,11,0.001,0.03,[8],0.5,False,32,10,0.0005,0.5602874167542937,0.7236533957845434,0.8308977035490606,conservative_joint_tuning,101
1,112,326,11,0.001,0.03,[8],0.6,False,32,10,0.0005,0.6454372623574145,0.4310722100656455,0.31092436974789917,conservative_joint_tuning,102
2,111,318,13,0.001,0.03,[8],0.6,False,32,10,0.0005,0.7295392022008254,0.6534883720930232,0.6431718061674009,conservative_joint_tuning,102
3,111,322,11,0.001,0.03,[8],0.6,False,32,10,0.0005,0.5098973607038123,0.3333333333333333,0.6756756756756757,conservative_joint_tuning,102
4,111,330,14,0.001,0.03,[8],0.6,False,32,10,0.0005,0.7436371100164204,0.6755102040816326,0.6735294117647059,conservative_joint_tuning,102
5,111,315,11,0.001,0.03,[8],0.6,False,32,10,0.0005,0.5602874167542937,0.7236533957845434,0.8308977035490606,conservative_joint_tuning,102
1,112,326,11,0.001,0.03,[16],0.4,False,32,10,0.0005,0.3821292775665399,0.3916849015317287,0.6,conservative_joint_tuning,103
2,111,318,12,0.001,0.03,[16],0.4,False,32,10,0.0005,0.7209422283356258,0.7046511627906977,0.6740088105726872,conservative_joint_tuning,103
3,111,322,12,0.001,0.03,[16],0.4,False,32,10,0.0005,0.7149926686217009,0.35664335664335667,0.7466216216216216,conservative_joint_tuning,103
4,111,330,12,0.001,0.03,[16],0.4,False,32,10,0.0005,0.6857553366174056,0.6346938775510204,0.7073529411764706,conservative_joint_tuning,103
5,111,315,12,0.001,0.03,[16],0.4,False,32,10,0.0005,0.655800911321416,0.6721311475409836,0.4906054279749478,conservative_joint_tuning,103
1,112,326,11,0.001,0.03,[16],0.5,False,32,10,0.0005,0.3821292775665399,0.3916849015317287,0.6,conservative_joint_tuning,104
2,111,318,12,0.001,0.03,[16],0.5,False,32,10,0.0005,0.7015130674002751,0.7046511627906977,0.6475770925110133,conservative_joint_tuning,104
3,111,322,12,0.001,0.03,[16],0.5,False,32,10,0.0005,0.6787023460410557,0.28438228438228436,0.7347972972972973,conservative_joint_tuning,104
4,111,330,12,0.001,0.03,[16],0.5,False,32,10,0.0005,0.6894499178981938,0.6653061224489796,0.7191176470588235,conservative_joint_tuning,104
5,111,315,12,0.001,0.03,[16],0.5,False,32,10,0.0005,0.6410795653697862,0.6768149882903981,0.4822546972860125,conservative_joint_tuning,104
1,112,326,11,0.001,0.03,[16],0.6,False,32,10,0.0005,0.3821292775665399,0.3916849015317287,0.6,conservative_joint_tuning,105
2,111,318,12,0.001,0.03,[16],0.6,False,32,10,0.0005,0.6991059147180193,0.7255813953488373,0.6519823788546255,conservative_joint_tuning,105
3,111,322,12,0.001,0.03,[16],0.6,False,32,10,0.0005,0.6920821114369502,0.29836829836829837,0.7094594594594594,conservative_joint_tuning,105
4,111,330,12,0.001,0.03,[16],0.6,False,32,10,0.0005,0.6705665024630542,0.6673469387755102,0.7426470588235294,conservative_joint_tuning,105
5,111,315,12,0.001,0.03,[16],0.6,False,32,10,0.0005,0.6181212758499824,0.667447306791569,0.49478079331941544,conservative_joint_tuning,105
1,112,326,11,0.001,0.03,"[8, 4]",0.4,False,32,10,0.0005,0.5819391634980988,0.29540481400437635,0.49747899159663866,conservative_joint_tuning,106
2,111,318,11,0.001,0.03,"[8, 4]",0.4,False,32,10,0.0005,0.4672455295735901,0.4930232558139535,0.5198237885462555,conservative_joint_tuning,106
3,111,322,12,0.001,0.03,"[8, 4]",0.4,False,32,10,0.0005,0.6616568914956011,0.5664335664335665,0.7398648648648649,conservative_joint_tuning,106
4,111,330,11,0.001,0.03,"[8, 4]",0.4,False,32,10,0.0005,0.5653735632183908,0.40816326530612246,0.6051470588235294,conservative_joint_tuning,106
5,111,315,12,0.001,0.03,"[8, 4]",0.4,False,32,10,0.0005,0.6019978969505784,0.34660421545667447,0.49269311064718163,conservative_joint_tuning,106
1,112,326,11,0.001,0.03,"[8, 4]",0.5,False,32,10,0.0005,0.5819391634980988,0.29540481400437635,0.49747899159663866,conservative_joint_tuning,107
2,111,318,11,0.001,0.03,"[8, 4]",0.5,False,32,10,0.0005,0.4672455295735901,0.4930232558139535,0.5198237885462555,conservative_joint_tuning,107
3,111,322,12,0.001,0.03,"[8, 4]",0.5,False,32,10,0.0005,0.6689882697947214,0.5431235431235432,0.714527027027027,conservative_joint_tuning,107
4,111,330,11,0.001,0.03,"[8, 4]",0.5,False,32,10,0.0005,0.5653735632183908,0.40816326530612246,0.6051470588235294,conservative_joint_tuning,107
5,111,315,12,0.001,0.03,"[8, 4]",0.5,False,32,10,0.0005,0.6221521205748335,0.48243559718969553,0.605427974947808,conservative_joint_tuning,107
1,112,326,11,0.001,0.03,"[8, 4]",0.6,False,32,10,0.0005,0.5819391634980988,0.29540481400437635,0.49747899159663866,conservative_joint_tuning,108
2,111,318,11,0.001,0.03,"[8, 4]",0.6,False,32,10,0.0005,0.4672455295735901,0.4930232558139535,0.5198237885462555,conservative_joint_tuning,108
3,111,322,12,0.001,0.03,"[8, 4]",0.6,False,32,10,0.0005,0.6631231671554252,0.48951048951048953,0.731418918918919,conservative_joint_tuning,108
4,111,330,11,0.001,0.03,"[8, 4]",0.6,False,32,10,0.0005,0.5653735632183908,0.40816326530612246,0.6051470588235294,conservative_joint_tuning,108
5,111,315,12,0.001,0.03,"[8, 4]",0.6,False,32,10,0.0005,0.612863652295829,0.46604215456674475,0.5469728601252609,conservative_joint_tuning,108
