fold,n_test,epochs_trained,learning_rate,weight_decay,num_nodes,dropout,batch_norm,batch_size,patience,train_c_index,val_c_index,test_c_index,stage,config_id
1,112,13,0.0001,0.001,[4],0.4,False,32,10,0.39039923954372624,0.21444201312910285,,conservative_joint_tuning,1
2,111,11,0.0001,0.001,[4],0.4,False,32,10,0.4289030261348005,0.33488372093023255,,conservative_joint_tuning,1
3,111,11,0.0001,0.001,[4],0.4,False,32,10,0.4260447214076246,0.34498834498834496,,conservative_joint_tuning,1
4,111,11,0.0001,0.001,[4],0.4,False,32,10,0.4144088669950739,0.36122448979591837,,conservative_joint_tuning,1
5,111,11,0.0001,0.001,[4],0.4,False,32,10,0.40080616894497023,0.3091334894613583,,conservative_joint_tuning,1
1,112,13,0.0001,0.001,[4],0.5,False,32,10,0.3902091254752852,0.21663019693654267,,conservative_joint_tuning,2
2,111,11,0.0001,0.001,[4],0.5,False,32,10,0.4289030261348005,0.33488372093023255,,conservative_joint_tuning,2
3,111,11,0.0001,0.001,[4],0.5,False,32,10,0.4260447214076246,0.34498834498834496,,conservative_joint_tuning,2
4,111,11,0.0001,0.001,[4],0.5,False,32,10,0.4144088669950739,0.36122448979591837,,conservative_joint_tuning,2
5,111,11,0.0001,0.001,[4],0.5,False,32,10,0.40080616894497023,0.3091334894613583,,conservative_joint_tuning,2
1,112,13,0.0001,0.001,[4],0.6,False,32,10,0.39077946768060834,0.2188183807439825,,conservative_joint_tuning,3
2,111,11,0.0001,0.001,[4],0.6,False,32,10,0.4289030261348005,0.33488372093023255,,conservative_joint_tuning,3
3,111,11,0.0001,0.001,[4],0.6,False,32,10,0.4260447214076246,0.34498834498834496,,conservative_joint_tuning,3
4,111,11,0.0001,0.001,[4],0.6,False,32,10,0.4144088669950739,0.36122448979591837,,conservative_joint_tuning,3
5,111,11,0.0001,0.001,[4],0.6,False,32,10,0.40080616894497023,0.3091334894613583,,conservative_joint_tuning,3
1,112,12,0.0001,0.001,[8],0.4,False,32,10,0.4779467680608365,0.6258205689277899,,conservative_joint_tuning,4
2,111,12,0.0001,0.001,[8],0.4,False,32,10,0.515302613480055,0.5325581395348837,,conservative_joint_tuning,4
3,111,12,0.0001,0.001,[8],0.4,False,32,10,0.4657258064516129,0.5571095571095571,,conservative_joint_tuning,4
4,111,12,0.0001,0.001,[8],0.4,False,32,10,0.5192939244663383,0.5693877551020409,,conservative_joint_tuning,4
5,111,12,0.0001,0.001,[8],0.4,False,32,10,0.5283911671924291,0.6838407494145199,,conservative_joint_tuning,4
1,112,12,0.0001,0.001,[8],0.5,False,32,10,0.4777566539923954,0.6280087527352297,,conservative_joint_tuning,5
2,111,12,0.0001,0.001,[8],0.5,False,32,10,0.515474552957359,0.5348837209302325,,conservative_joint_tuning,5
3,111,12,0.0001,0.001,[8],0.5,False,32,10,0.4657258064516129,0.5571095571095571,,conservative_joint_tuning,5
4,111,12,0.0001,0.001,[8],0.5,False,32,10,0.5199096880131363,0.5714285714285714,,conservative_joint_tuning,5
5,111,12,0.0001,0.001,[8],0.5,False,32,10,0.5278654048370137,0.6838407494145199,,conservative_joint_tuning,5
1,112,12,0.0001,0.001,[8],0.6,False,32,10,0.4768060836501901,0.6258205689277899,,conservative_joint_tuning,6
2,111,12,0.0001,0.001,[8],0.6,False,32,10,0.514958734525447,0.5395348837209303,,conservative_joint_tuning,6
3,111,12,0.0001,0.001,[8],0.6,False,32,10,0.4659090909090909,0.5571095571095571,,conservative_joint_tuning,6
4,111,12,0.0001,0.001,[8],0.6,False,32,10,0.5194991789819376,0.5673469387755102,,conservative_joint_tuning,6
5,111,12,0.0001,0.001,[8],0.6,False,32,10,0.5278654048370137,0.6861826697892272,,conservative_joint_tuning,6
1,112,11,0.0001,0.001,[16],0.4,False,32,10,0.6313688212927757,0.6805251641137856,,conservative_joint_tuning,7
2,111,12,0.0001,0.001,[16],0.4,False,32,10,0.6291265474552957,0.6511627906976745,,conservative_joint_tuning,7
3,111,12,0.0001,0.001,[16],0.4,False,32,10,0.6506598240469208,0.5407925407925408,,conservative_joint_tuning,7
4,111,12,0.0001,0.001,[16],0.4,False,32,10,0.6426518883415435,0.5183673469387755,,conservative_joint_tuning,7
5,111,12,0.0001,0.001,[16],0.4,False,32,10,0.6447599018576936,0.6182669789227166,,conservative_joint_tuning,7
1,112,11,0.0001,0.001,[16],0.5,False,32,10,0.6313688212927757,0.6805251641137856,,conservative_joint_tuning,8
2,111,12,0.0001,0.001,[16],0.5,False,32,10,0.6263755158184319,0.6488372093023256,,conservative_joint_tuning,8
3,111,12,0.0001,0.001,[16],0.5,False,32,10,0.6486436950146628,0.5407925407925408,,conservative_joint_tuning,8
4,111,12,0.0001,0.001,[16],0.5,False,32,10,0.6426518883415435,0.5183673469387755,,conservative_joint_tuning,8
5,111,12,0.0001,0.001,[16],0.5,False,32,10,0.6435331230283912,0.6182669789227166,,conservative_joint_tuning,8
1,112,11,0.0001,0.001,[16],0.6,False,32,10,0.6313688212927757,0.6805251641137856,,conservative_joint_tuning,9
2,111,12,0.0001,0.001,[16],0.6,False,32,10,0.6263755158184319,0.6511627906976745,,conservative_joint_tuning,9
3,111,12,0.0001,0.001,[16],0.6,False,32,10,0.6477272727272727,0.5407925407925408,,conservative_joint_tuning,9
4,111,12,0.0001,0.001,[16],0.6,False,32,10,0.6424466338259441,0.5163265306122449,,conservative_joint_tuning,9
5,111,12,0.0001,0.001,[16],0.6,False,32,10,0.6421310900806169,0.6182669789227166,,conservative_joint_tuning,9
1,112,12,0.0001,0.001,"[8, 4]",0.4,False,32,10,0.6410646387832699,0.6148796498905909,,conservative_joint_tuning,10
2,111,11,0.0001,0.001,"[8, 4]",0.4,False,32,10,0.6222489683631361,0.5325581395348837,,conservative_joint_tuning,10
3,111,11,0.0001,0.001,"[8, 4]",0.4,False,32,10,0.6240835777126099,0.6456876456876457,,conservative_joint_tuning,10
4,111,11,0.0001,0.001,"[8, 4]",0.4,False,32,10,0.5373563218390804,0.6204081632653061,,conservative_joint_tuning,10
5,111,11,0.0001,0.001,"[8, 4]",0.4,False,32,10,0.6507185418857343,0.5058548009367682,,conservative_joint_tuning,10
1,112,12,0.0001,0.001,"[8, 4]",0.5,False,32,10,0.6378326996197718,0.6170678336980306,,conservative_joint_tuning,11
2,111,11,0.0001,0.001,"[8, 4]",0.5,False,32,10,0.6222489683631361,0.5325581395348837,,conservative_joint_tuning,11
3,111,11,0.0001,0.001,"[8, 4]",0.5,False,32,10,0.6240835777126099,0.6456876456876457,,conservative_joint_tuning,11
4,111,11,0.0001,0.001,"[8, 4]",0.5,False,32,10,0.5373563218390804,0.6204081632653061,,conservative_joint_tuning,11
5,111,11,0.0001,0.001,"[8, 4]",0.5,False,32,10,0.6507185418857343,0.5058548009367682,,conservative_joint_tuning,11
1,112,12,0.0001,0.001,"[8, 4]",0.6,False,32,10,0.6357414448669202,0.6214442013129103,,conservative_joint_tuning,12
2,111,11,0.0001,0.001,"[8, 4]",0.6,False,32,10,0.6222489683631361,0.5325581395348837,,conservative_joint_tuning,12
3,111,11,0.0001,0.001,"[8, 4]",0.6,False,32,10,0.6240835777126099,0.6456876456876457,,conservative_joint_tuning,12
4,111,11,0.0001,0.001,"[8, 4]",0.6,False,32,10,0.5373563218390804,0.6204081632653061,,conservative_joint_tuning,12
5,111,11,0.0001,0.001,"[8, 4]",0.6,False,32,10,0.6507185418857343,0.5058548009367682,,conservative_joint_tuning,12
1,112,13,0.0001,0.01,[4],0.4,False,32,10,0.39039923954372624,0.21444201312910285,,conservative_joint_tuning,13
2,111,11,0.0001,0.01,[4],0.4,False,32,10,0.4289030261348005,0.33488372093023255,,conservative_joint_tuning,13
3,111,11,0.0001,0.01,[4],0.4,False,32,10,0.4260447214076246,0.34498834498834496,,conservative_joint_tuning,13
4,111,11,0.0001,0.01,[4],0.4,False,32,10,0.4144088669950739,0.36122448979591837,,conservative_joint_tuning,13
5,111,11,0.0001,0.01,[4],0.4,False,32,10,0.40080616894497023,0.3091334894613583,,conservative_joint_tuning,13
1,112,13,0.0001,0.01,[4],0.5,False,32,10,0.39039923954372624,0.21663019693654267,,conservative_joint_tuning,14
2,111,11,0.0001,0.01,[4],0.5,False,32,10,0.4289030261348005,0.33488372093023255,,conservative_joint_tuning,14
3,111,11,0.0001,0.01,[4],0.5,False,32,10,0.4260447214076246,0.34498834498834496,,conservative_joint_tuning,14
4,111,11,0.0001,0.01,[4],0.5,False,32,10,0.4144088669950739,0.36122448979591837,,conservative_joint_tuning,14
5,111,11,0.0001,0.01,[4],0.5,False,32,10,0.40080616894497023,0.3091334894613583,,conservative_joint_tuning,14
1,112,13,0.0001,0.01,[4],0.6,False,32,10,0.39077946768060834,0.2188183807439825,,conservative_joint_tuning,15
2,111,11,0.0001,0.01,[4],0.6,False,32,10,0.4289030261348005,0.33488372093023255,,conservative_joint_tuning,15
3,111,11,0.0001,0.01,[4],0.6,False,32,10,0.4260447214076246,0.34498834498834496,,conservative_joint_tuning,15
4,111,11,0.0001,0.01,[4],0.6,False,32,10,0.4144088669950739,0.36122448979591837,,conservative_joint_tuning,15
5,111,11,0.0001,0.01,[4],0.6,False,32,10,0.40080616894497023,0.3091334894613583,,conservative_joint_tuning,15
1,112,12,0.0001,0.01,[8],0.4,False,32,10,0.4779467680608365,0.6280087527352297,,conservative_joint_tuning,16
2,111,12,0.0001,0.01,[8],0.4,False,32,10,0.515302613480055,0.5325581395348837,,conservative_joint_tuning,16
3,111,12,0.0001,0.01,[8],0.4,False,32,10,0.4655425219941349,0.5571095571095571,,conservative_joint_tuning,16
4,111,12,0.0001,0.01,[8],0.4,False,32,10,0.5192939244663383,0.5693877551020409,,conservative_joint_tuning,16
5,111,12,0.0001,0.01,[8],0.4,False,32,10,0.5283911671924291,0.6838407494145199,,conservative_joint_tuning,16
1,112,12,0.0001,0.01,[8],0.5,False,32,10,0.47756653992395437,0.6280087527352297,,conservative_joint_tuning,17
2,111,12,0.0001,0.01,[8],0.5,False,32,10,0.515474552957359,0.5348837209302325,,conservative_joint_tuning,17
3,111,12,0.0001,0.01,[8],0.5,False,32,10,0.4657258064516129,0.5571095571095571,,conservative_joint_tuning,17
4,111,12,0.0001,0.01,[8],0.5,False,32,10,0.5199096880131363,0.5714285714285714,,conservative_joint_tuning,17
5,111,12,0.0001,0.01,[8],0.5,False,32,10,0.5278654048370137,0.6838407494145199,,conservative_joint_tuning,17
1,112,12,0.0001,0.01,[8],0.6,False,32,10,0.4768060836501901,0.6280087527352297,,conservative_joint_tuning,18
2,111,12,0.0001,0.01,[8],0.6,False,32,10,0.514958734525447,0.5395348837209303,,conservative_joint_tuning,18
3,111,12,0.0001,0.01,[8],0.6,False,32,10,0.4659090909090909,0.5571095571095571,,conservative_joint_tuning,18
4,111,12,0.0001,0.01,[8],0.6,False,32,10,0.5197044334975369,0.5673469387755102,,conservative_joint_tuning,18
5,111,12,0.0001,0.01,[8],0.6,False,32,10,0.5280406589554855,0.6861826697892272,,conservative_joint_tuning,18
1,112,11,0.0001,0.01,[16],0.4,False,32,10,0.6313688212927757,0.6805251641137856,,conservative_joint_tuning,19
2,111,12,0.0001,0.01,[16],0.4,False,32,10,0.6291265474552957,0.6511627906976745,,conservative_joint_tuning,19
3,111,12,0.0001,0.01,[16],0.4,False,32,10,0.6506598240469208,0.5407925407925408,,conservative_joint_tuning,19
4,111,12,0.0001,0.01,[16],0.4,False,32,10,0.6426518883415435,0.5183673469387755,,conservative_joint_tuning,19
5,111,12,0.0001,0.01,[16],0.4,False,32,10,0.6447599018576936,0.6182669789227166,,conservative_joint_tuning,19
1,112,11,0.0001,0.01,[16],0.5,False,32,10,0.6313688212927757,0.6805251641137856,,conservative_joint_tuning,20
2,111,12,0.0001,0.01,[16],0.5,False,32,10,0.6262035763411279,0.6488372093023256,,conservative_joint_tuning,20
3,111,12,0.0001,0.01,[16],0.5,False,32,10,0.6486436950146628,0.5407925407925408,,conservative_joint_tuning,20
4,111,12,0.0001,0.01,[16],0.5,False,32,10,0.6426518883415435,0.5183673469387755,,conservative_joint_tuning,20
5,111,12,0.0001,0.01,[16],0.5,False,32,10,0.6435331230283912,0.6182669789227166,,conservative_joint_tuning,20
1,112,11,0.0001,0.01,[16],0.6,False,32,10,0.6313688212927757,0.6805251641137856,,conservative_joint_tuning,21
2,111,12,0.0001,0.01,[16],0.6,False,32,10,0.6263755158184319,0.6511627906976745,,conservative_joint_tuning,21
3,111,12,0.0001,0.01,[16],0.6,False,32,10,0.6479105571847508,0.5407925407925408,,conservative_joint_tuning,21
4,111,12,0.0001,0.01,[16],0.6,False,32,10,0.6424466338259441,0.5163265306122449,,conservative_joint_tuning,21
5,111,12,0.0001,0.01,[16],0.6,False,32,10,0.6421310900806169,0.6182669789227166,,conservative_joint_tuning,21
1,112,12,0.0001,0.01,"[8, 4]",0.4,False,32,10,0.6410646387832699,0.6148796498905909,,conservative_joint_tuning,22
2,111,11,0.0001,0.01,"[8, 4]",0.4,False,32,10,0.6222489683631361,0.5325581395348837,,conservative_joint_tuning,22
3,111,11,0.0001,0.01,"[8, 4]",0.4,False,32,10,0.6240835777126099,0.6456876456876457,,conservative_joint_tuning,22
4,111,11,0.0001,0.01,"[8, 4]",0.4,False,32,10,0.5373563218390804,0.6204081632653061,,conservative_joint_tuning,22
5,111,11,0.0001,0.01,"[8, 4]",0.4,False,32,10,0.6507185418857343,0.5058548009367682,,conservative_joint_tuning,22
1,112,12,0.0001,0.01,"[8, 4]",0.5,False,32,10,0.6378326996197718,0.6170678336980306,,conservative_joint_tuning,23
2,111,11,0.0001,0.01,"[8, 4]",0.5,False,32,10,0.6222489683631361,0.5325581395348837,,conservative_joint_tuning,23
3,111,11,0.0001,0.01,"[8, 4]",0.5,False,32,10,0.6240835777126099,0.6456876456876457,,conservative_joint_tuning,23
4,111,11,0.0001,0.01,"[8, 4]",0.5,False,32,10,0.5373563218390804,0.6204081632653061,,conservative_joint_tuning,23
5,111,11,0.0001,0.01,"[8, 4]",0.5,False,32,10,0.6507185418857343,0.5058548009367682,,conservative_joint_tuning,23
1,112,12,0.0001,0.01,"[8, 4]",0.6,False,32,10,0.6357414448669202,0.6214442013129103,,conservative_joint_tuning,24
2,111,11,0.0001,0.01,"[8, 4]",0.6,False,32,10,0.6222489683631361,0.5325581395348837,,conservative_joint_tuning,24
3,111,11,0.0001,0.01,"[8, 4]",0.6,False,32,10,0.6240835777126099,0.6456876456876457,,conservative_joint_tuning,24
4,111,11,0.0001,0.01,"[8, 4]",0.6,False,32,10,0.5373563218390804,0.6204081632653061,,conservative_joint_tuning,24
5,111,11,0.0001,0.01,"[8, 4]",0.6,False,32,10,0.6507185418857343,0.5058548009367682,,conservative_joint_tuning,24
1,112,13,0.0001,0.03,[4],0.4,False,32,10,0.3902091254752852,0.21444201312910285,,conservative_joint_tuning,25
2,111,11,0.0001,0.03,[4],0.4,False,32,10,0.4289030261348005,0.33488372093023255,,conservative_joint_tuning,25
3,111,11,0.0001,0.03,[4],0.4,False,32,10,0.4260447214076246,0.34498834498834496,,conservative_joint_tuning,25
4,111,11,0.0001,0.03,[4],0.4,False,32,10,0.4144088669950739,0.36122448979591837,,conservative_joint_tuning,25
5,111,11,0.0001,0.03,[4],0.4,False,32,10,0.40080616894497023,0.3091334894613583,,conservative_joint_tuning,25
1,112,13,0.0001,0.03,[4],0.5,False,32,10,0.39039923954372624,0.21663019693654267,,conservative_joint_tuning,26
2,111,11,0.0001,0.03,[4],0.5,False,32,10,0.4289030261348005,0.33488372093023255,,conservative_joint_tuning,26
3,111,11,0.0001,0.03,[4],0.5,False,32,10,0.4260447214076246,0.34498834498834496,,conservative_joint_tuning,26
4,111,11,0.0001,0.03,[4],0.5,False,32,10,0.4144088669950739,0.36122448979591837,,conservative_joint_tuning,26
5,111,11,0.0001,0.03,[4],0.5,False,32,10,0.40080616894497023,0.3091334894613583,,conservative_joint_tuning,26
1,112,13,0.0001,0.03,[4],0.6,False,32,10,0.3905893536121673,0.2188183807439825,,conservative_joint_tuning,27
2,111,11,0.0001,0.03,[4],0.6,False,32,10,0.4289030261348005,0.33488372093023255,,conservative_joint_tuning,27
3,111,11,0.0001,0.03,[4],0.6,False,32,10,0.4260447214076246,0.34498834498834496,,conservative_joint_tuning,27
4,111,11,0.0001,0.03,[4],0.6,False,32,10,0.4144088669950739,0.36122448979591837,,conservative_joint_tuning,27
5,111,11,0.0001,0.03,[4],0.6,False,32,10,0.40080616894497023,0.3091334894613583,,conservative_joint_tuning,27
1,112,12,0.0001,0.03,[8],0.4,False,32,10,0.4781368821292776,0.6280087527352297,,conservative_joint_tuning,28
2,111,12,0.0001,0.03,[8],0.4,False,32,10,0.515302613480055,0.5325581395348837,,conservative_joint_tuning,28
3,111,12,0.0001,0.03,[8],0.4,False,32,10,0.4655425219941349,0.5571095571095571,,conservative_joint_tuning,28
4,111,12,0.0001,0.03,[8],0.4,False,32,10,0.5192939244663383,0.5693877551020409,,conservative_joint_tuning,28
5,111,12,0.0001,0.03,[8],0.4,False,32,10,0.5283911671924291,0.6838407494145199,,conservative_joint_tuning,28
1,112,12,0.0001,0.03,[8],0.5,False,32,10,0.47756653992395437,0.6258205689277899,,conservative_joint_tuning,29
2,111,12,0.0001,0.03,[8],0.5,False,32,10,0.515474552957359,0.5348837209302325,,conservative_joint_tuning,29
3,111,12,0.0001,0.03,[8],0.5,False,32,10,0.4657258064516129,0.5571095571095571,,conservative_joint_tuning,29
4,111,12,0.0001,0.03,[8],0.5,False,32,10,0.5201149425287356,0.5714285714285714,,conservative_joint_tuning,29
5,111,12,0.0001,0.03,[8],0.5,False,32,10,0.5278654048370137,0.6838407494145199,,conservative_joint_tuning,29
1,112,12,0.0001,0.03,[8],0.6,False,32,10,0.4768060836501901,0.6280087527352297,,conservative_joint_tuning,30
2,111,12,0.0001,0.03,[8],0.6,False,32,10,0.514958734525447,0.5395348837209303,,conservative_joint_tuning,30
3,111,12,0.0001,0.03,[8],0.6,False,32,10,0.4655425219941349,0.5571095571095571,,conservative_joint_tuning,30
4,111,12,0.0001,0.03,[8],0.6,False,32,10,0.5197044334975369,0.5673469387755102,,conservative_joint_tuning,30
5,111,12,0.0001,0.03,[8],0.6,False,32,10,0.5278654048370137,0.6861826697892272,,conservative_joint_tuning,30
1,112,11,0.0001,0.03,[16],0.4,False,32,10,0.6313688212927757,0.6805251641137856,,conservative_joint_tuning,31
2,111,12,0.0001,0.03,[16],0.4,False,32,10,0.6291265474552957,0.6511627906976745,,conservative_joint_tuning,31
3,111,12,0.0001,0.03,[16],0.4,False,32,10,0.6504765395894428,0.5407925407925408,,conservative_joint_tuning,31
4,111,12,0.0001,0.03,[16],0.4,False,32,10,0.6426518883415435,0.5183673469387755,,conservative_joint_tuning,31
5,111,12,0.0001,0.03,[16],0.4,False,32,10,0.6445846477392219,0.6182669789227166,,conservative_joint_tuning,31
1,112,11,0.0001,0.03,[16],0.5,False,32,10,0.6313688212927757,0.6805251641137856,,conservative_joint_tuning,32
2,111,12,0.0001,0.03,[16],0.5,False,32,10,0.6262035763411279,0.6488372093023256,,conservative_joint_tuning,32
3,111,12,0.0001,0.03,[16],0.5,False,32,10,0.6486436950146628,0.5407925407925408,,conservative_joint_tuning,32
4,111,12,0.0001,0.03,[16],0.5,False,32,10,0.6426518883415435,0.5183673469387755,,conservative_joint_tuning,32
5,111,12,0.0001,0.03,[16],0.5,False,32,10,0.6435331230283912,0.6182669789227166,,conservative_joint_tuning,32
1,112,11,0.0001,0.03,[16],0.6,False,32,10,0.6313688212927757,0.6805251641137856,,conservative_joint_tuning,33
2,111,12,0.0001,0.03,[16],0.6,False,32,10,0.6263755158184319,0.6511627906976745,,conservative_joint_tuning,33
3,111,12,0.0001,0.03,[16],0.6,False,32,10,0.6477272727272727,0.5407925407925408,,conservative_joint_tuning,33
4,111,12,0.0001,0.03,[16],0.6,False,32,10,0.6424466338259441,0.5163265306122449,,conservative_joint_tuning,33
5,111,12,0.0001,0.03,[16],0.6,False,32,10,0.6423063441990887,0.6182669789227166,,conservative_joint_tuning,33
1,112,12,0.0001,0.03,"[8, 4]",0.4,False,32,10,0.6408745247148289,0.6148796498905909,,conservative_joint_tuning,34
2,111,11,0.0001,0.03,"[8, 4]",0.4,False,32,10,0.6222489683631361,0.5325581395348837,,conservative_joint_tuning,34
3,111,11,0.0001,0.03,"[8, 4]",0.4,False,32,10,0.6240835777126099,0.6456876456876457,,conservative_joint_tuning,34
4,111,11,0.0001,0.03,"[8, 4]",0.4,False,32,10,0.5373563218390804,0.6204081632653061,,conservative_joint_tuning,34
5,111,11,0.0001,0.03,"[8, 4]",0.4,False,32,10,0.6507185418857343,0.5058548009367682,,conservative_joint_tuning,34
1,112,12,0.0001,0.03,"[8, 4]",0.5,False,32,10,0.6378326996197718,0.6192560175054704,,conservative_joint_tuning,35
2,111,11,0.0001,0.03,"[8, 4]",0.5,False,32,10,0.6222489683631361,0.5325581395348837,,conservative_joint_tuning,35
3,111,11,0.0001,0.03,"[8, 4]",0.5,False,32,10,0.6240835777126099,0.6456876456876457,,conservative_joint_tuning,35
4,111,11,0.0001,0.03,"[8, 4]",0.5,False,32,10,0.5373563218390804,0.6204081632653061,,conservative_joint_tuning,35
5,111,11,0.0001,0.03,"[8, 4]",0.5,False,32,10,0.6507185418857343,0.5058548009367682,,conservative_joint_tuning,35
1,112,12,0.0001,0.03,"[8, 4]",0.6,False,32,10,0.635361216730038,0.6192560175054704,,conservative_joint_tuning,36
2,111,11,0.0001,0.03,"[8, 4]",0.6,False,32,10,0.6222489683631361,0.5325581395348837,,conservative_joint_tuning,36
3,111,11,0.0001,0.03,"[8, 4]",0.6,False,32,10,0.6240835777126099,0.6456876456876457,,conservative_joint_tuning,36
4,111,11,0.0001,0.03,"[8, 4]",0.6,False,32,10,0.5373563218390804,0.6204081632653061,,conservative_joint_tuning,36
5,111,11,0.0001,0.03,"[8, 4]",0.6,False,32,10,0.6507185418857343,0.5058548009367682,,conservative_joint_tuning,36
1,112,13,0.0003,0.001,[4],0.4,False,32,10,0.3966730038022814,0.21444201312910285,,conservative_joint_tuning,37
2,111,11,0.0003,0.001,[4],0.4,False,32,10,0.4289030261348005,0.33488372093023255,,conservative_joint_tuning,37
3,111,11,0.0003,0.001,[4],0.4,False,32,10,0.4260447214076246,0.34498834498834496,,conservative_joint_tuning,37
4,111,11,0.0003,0.001,[4],0.4,False,32,10,0.4144088669950739,0.36122448979591837,,conservative_joint_tuning,37
5,111,11,0.0003,0.001,[4],0.4,False,32,10,0.40080616894497023,0.3091334894613583,,conservative_joint_tuning,37
1,112,13,0.0003,0.001,[4],0.5,False,32,10,0.3993346007604563,0.212253829321663,,conservative_joint_tuning,38
2,111,11,0.0003,0.001,[4],0.5,False,32,10,0.4289030261348005,0.33488372093023255,,conservative_joint_tuning,38
3,111,11,0.0003,0.001,[4],0.5,False,32,10,0.4260447214076246,0.34498834498834496,,conservative_joint_tuning,38
4,111,11,0.0003,0.001,[4],0.5,False,32,10,0.4144088669950739,0.36122448979591837,,conservative_joint_tuning,38
5,111,11,0.0003,0.001,[4],0.5,False,32,10,0.40080616894497023,0.3091334894613583,,conservative_joint_tuning,38
1,112,13,0.0003,0.001,[4],0.6,False,32,10,0.4002851711026616,0.20787746170678337,,conservative_joint_tuning,39
2,111,11,0.0003,0.001,[4],0.6,False,32,10,0.4289030261348005,0.33488372093023255,,conservative_joint_tuning,39
3,111,11,0.0003,0.001,[4],0.6,False,32,10,0.4260447214076246,0.34498834498834496,,conservative_joint_tuning,39
4,111,11,0.0003,0.001,[4],0.6,False,32,10,0.4144088669950739,0.36122448979591837,,conservative_joint_tuning,39
5,111,11,0.0003,0.001,[4],0.6,False,32,10,0.40080616894497023,0.3091334894613583,,conservative_joint_tuning,39
1,112,12,0.0003,0.001,[8],0.4,False,32,10,0.4806083650190114,0.6214442013129103,,conservative_joint_tuning,40
2,111,12,0.0003,0.001,[8],0.4,False,32,10,0.515990371389271,0.5255813953488372,,conservative_joint_tuning,40
3,111,12,0.0003,0.001,[8],0.4,False,32,10,0.46847507331378296,0.5501165501165501,,conservative_joint_tuning,40
4,111,12,0.0003,0.001,[8],0.4,False,32,10,0.5194991789819376,0.5612244897959183,,conservative_joint_tuning,40
5,111,12,0.0003,0.001,[8],0.4,False,32,10,0.53242201191728,0.6838407494145199,,conservative_joint_tuning,40
1,112,12,0.0003,0.001,[8],0.5,False,32,10,0.4796577946768061,0.6236323851203501,,conservative_joint_tuning,41
2,111,12,0.0003,0.001,[8],0.5,False,32,10,0.5165061898211829,0.5255813953488372,,conservative_joint_tuning,41
3,111,12,0.0003,0.001,[8],0.5,False,32,10,0.46865835777126097,0.5524475524475524,,conservative_joint_tuning,41
4,111,12,0.0003,0.001,[8],0.5,False,32,10,0.5217569786535303,0.563265306122449,,conservative_joint_tuning,41
5,111,12,0.0003,0.001,[8],0.5,False,32,10,0.5318962495618647,0.6838407494145199,,conservative_joint_tuning,41
1,112,12,0.0003,0.001,[8],0.6,False,32,10,0.47889733840304183,0.6236323851203501,,conservative_joint_tuning,42
2,111,12,0.0003,0.001,[8],0.6,False,32,10,0.5161623108665749,0.5302325581395348,,conservative_joint_tuning,42
3,111,12,0.0003,0.001,[8],0.6,False,32,10,0.46957478005865105,0.5524475524475524,,conservative_joint_tuning,42
4,111,12,0.0003,0.001,[8],0.6,False,32,10,0.5194991789819376,0.5571428571428572,,conservative_joint_tuning,42
5,111,12,0.0003,0.001,[8],0.6,False,32,10,0.5322467577988083,0.6814988290398126,,conservative_joint_tuning,42
1,112,11,0.0003,0.001,[16],0.4,False,32,10,0.6313688212927757,0.6805251641137856,,conservative_joint_tuning,43
2,111,12,0.0003,0.001,[16],0.4,False,32,10,0.6373796423658872,0.6558139534883721,,conservative_joint_tuning,43
3,111,12,0.0003,0.001,[16],0.4,False,32,10,0.6618401759530792,0.5361305361305362,,conservative_joint_tuning,43
4,111,12,0.0003,0.001,[16],0.4,False,32,10,0.6543513957307061,0.5122448979591837,,conservative_joint_tuning,43
5,111,12,0.0003,0.001,[16],0.4,False,32,10,0.6536978618997547,0.6487119437939111,,conservative_joint_tuning,43
1,112,11,0.0003,0.001,[16],0.5,False,32,10,0.6313688212927757,0.6805251641137856,,conservative_joint_tuning,44
2,111,12,0.0003,0.001,[16],0.5,False,32,10,0.6354883081155434,0.6488372093023256,,conservative_joint_tuning,44
3,111,12,0.0003,0.001,[16],0.5,False,32,10,0.6589076246334311,0.5384615384615384,,conservative_joint_tuning,44
4,111,12,0.0003,0.001,[16],0.5,False,32,10,0.6547619047619048,0.5122448979591837,,conservative_joint_tuning,44
5,111,12,0.0003,0.001,[16],0.5,False,32,10,0.652646337188924,0.639344262295082,,conservative_joint_tuning,44
1,112,11,0.0003,0.001,[16],0.6,False,32,10,0.6313688212927757,0.6805251641137856,,conservative_joint_tuning,45
2,111,12,0.0003,0.001,[16],0.6,False,32,10,0.6353163686382394,0.6511627906976745,,conservative_joint_tuning,45
3,111,12,0.0003,0.001,[16],0.6,False,32,10,0.656891495601173,0.5384615384615384,,conservative_joint_tuning,45
4,111,12,0.0003,0.001,[16],0.6,False,32,10,0.6529146141215106,0.5142857142857142,,conservative_joint_tuning,45
5,111,12,0.0003,0.001,[16],0.6,False,32,10,0.6491412548194883,0.6370023419203747,,conservative_joint_tuning,45
1,112,12,0.0003,0.001,"[8, 4]",0.4,False,32,10,0.6450570342205323,0.6083150984682714,,conservative_joint_tuning,46
2,111,11,0.0003,0.001,"[8, 4]",0.4,False,32,10,0.6222489683631361,0.5325581395348837,,conservative_joint_tuning,46
3,111,11,0.0003,0.001,"[8, 4]",0.4,False,32,10,0.6240835777126099,0.6456876456876457,,conservative_joint_tuning,46
4,111,11,0.0003,0.001,"[8, 4]",0.4,False,32,10,0.5373563218390804,0.6204081632653061,,conservative_joint_tuning,46
5,111,11,0.0003,0.001,"[8, 4]",0.4,False,32,10,0.6507185418857343,0.5058548009367682,,conservative_joint_tuning,46
1,112,12,0.0003,0.001,"[8, 4]",0.5,False,32,10,0.6288973384030419,0.6083150984682714,,conservative_joint_tuning,47
2,111,11,0.0003,0.001,"[8, 4]",0.5,False,32,10,0.6222489683631361,0.5325581395348837,,conservative_joint_tuning,47
3,111,11,0.0003,0.001,"[8, 4]",0.5,False,32,10,0.6240835777126099,0.6456876456876457,,conservative_joint_tuning,47
4,111,11,0.0003,0.001,"[8, 4]",0.5,False,32,10,0.5373563218390804,0.6204081632653061,,conservative_joint_tuning,47
5,111,11,0.0003,0.001,"[8, 4]",0.5,False,32,10,0.6507185418857343,0.5058548009367682,,conservative_joint_tuning,47
1,112,12,0.0003,0.001,"[8, 4]",0.6,False,32,10,0.6277566539923954,0.6214442013129103,,conservative_joint_tuning,48
2,111,11,0.0003,0.001,"[8, 4]",0.6,False,32,10,0.6222489683631361,0.5325581395348837,,conservative_joint_tuning,48
3,111,11,0.0003,0.001,"[8, 4]",0.6,False,32,10,0.6240835777126099,0.6456876456876457,,conservative_joint_tuning,48
4,111,11,0.0003,0.001,"[8, 4]",0.6,False,32,10,0.5373563218390804,0.6204081632653061,,conservative_joint_tuning,48
5,111,11,0.0003,0.001,"[8, 4]",0.6,False,32,10,0.6507185418857343,0.5058548009367682,,conservative_joint_tuning,48
1,112,13,0.0003,0.01,[4],0.4,False,32,10,0.3966730038022814,0.21444201312910285,,conservative_joint_tuning,49
2,111,11,0.0003,0.01,[4],0.4,False,32,10,0.4289030261348005,0.33488372093023255,,conservative_joint_tuning,49
3,111,11,0.0003,0.01,[4],0.4,False,32,10,0.4260447214076246,0.34498834498834496,,conservative_joint_tuning,49
4,111,11,0.0003,0.01,[4],0.4,False,32,10,0.4144088669950739,0.36122448979591837,,conservative_joint_tuning,49
5,111,11,0.0003,0.01,[4],0.4,False,32,10,0.40080616894497023,0.3091334894613583,,conservative_joint_tuning,49
1,112,13,0.0003,0.01,[4],0.5,False,32,10,0.39952471482889734,0.212253829321663,,conservative_joint_tuning,50
2,111,11,0.0003,0.01,[4],0.5,False,32,10,0.4289030261348005,0.33488372093023255,,conservative_joint_tuning,50
3,111,11,0.0003,0.01,[4],0.5,False,32,10,0.4260447214076246,0.34498834498834496,,conservative_joint_tuning,50
4,111,11,0.0003,0.01,[4],0.5,False,32,10,0.4144088669950739,0.36122448979591837,,conservative_joint_tuning,50
5,111,11,0.0003,0.01,[4],0.5,False,32,10,0.40080616894497023,0.3091334894613583,,conservative_joint_tuning,50
1,112,13,0.0003,0.01,[4],0.6,False,32,10,0.4002851711026616,0.20787746170678337,,conservative_joint_tuning,51
2,111,11,0.0003,0.01,[4],0.6,False,32,10,0.4289030261348005,0.33488372093023255,,conservative_joint_tuning,51
3,111,11,0.0003,0.01,[4],0.6,False,32,10,0.4260447214076246,0.34498834498834496,,conservative_joint_tuning,51
4,111,11,0.0003,0.01,[4],0.6,False,32,10,0.4144088669950739,0.36122448979591837,,conservative_joint_tuning,51
5,111,11,0.0003,0.01,[4],0.6,False,32,10,0.40080616894497023,0.3091334894613583,,conservative_joint_tuning,51
1,112,12,0.0003,0.01,[8],0.4,False,32,10,0.4807984790874525,0.6214442013129103,,conservative_joint_tuning,52
2,111,12,0.0003,0.01,[8],0.4,False,32,10,0.515818431911967,0.5255813953488372,,conservative_joint_tuning,52
3,111,12,0.0003,0.01,[8],0.4,False,32,10,0.46847507331378296,0.5501165501165501,,conservative_joint_tuning,52
4,111,12,0.0003,0.01,[8],0.4,False,32,10,0.5194991789819376,0.5612244897959183,,conservative_joint_tuning,52
5,111,12,0.0003,0.01,[8],0.4,False,32,10,0.53242201191728,0.6838407494145199,,conservative_joint_tuning,52
1,112,12,0.0003,0.01,[8],0.5,False,32,10,0.4792775665399239,0.6214442013129103,,conservative_joint_tuning,53
2,111,12,0.0003,0.01,[8],0.5,False,32,10,0.5161623108665749,0.5255813953488372,,conservative_joint_tuning,53
3,111,12,0.0003,0.01,[8],0.5,False,32,10,0.46865835777126097,0.5524475524475524,,conservative_joint_tuning,53
4,111,12,0.0003,0.01,[8],0.5,False,32,10,0.5217569786535303,0.5612244897959183,,conservative_joint_tuning,53
5,111,12,0.0003,0.01,[8],0.5,False,32,10,0.5318962495618647,0.6838407494145199,,conservative_joint_tuning,53
1,112,12,0.0003,0.01,[8],0.6,False,32,10,0.4787072243346008,0.6236323851203501,,conservative_joint_tuning,54
2,111,12,0.0003,0.01,[8],0.6,False,32,10,0.5161623108665749,0.5302325581395348,,conservative_joint_tuning,54
3,111,12,0.0003,0.01,[8],0.6,False,32,10,0.46957478005865105,0.5524475524475524,,conservative_joint_tuning,54
4,111,12,0.0003,0.01,[8],0.6,False,32,10,0.5192939244663383,0.5571428571428572,,conservative_joint_tuning,54
5,111,12,0.0003,0.01,[8],0.6,False,32,10,0.5322467577988083,0.6814988290398126,,conservative_joint_tuning,54
1,112,11,0.0003,0.01,[16],0.4,False,32,10,0.6313688212927757,0.6805251641137856,,conservative_joint_tuning,55
2,111,12,0.0003,0.01,[16],0.4,False,32,10,0.6373796423658872,0.6558139534883721,,conservative_joint_tuning,55
3,111,12,0.0003,0.01,[16],0.4,False,32,10,0.6623900293255132,0.5361305361305362,,conservative_joint_tuning,55
4,111,12,0.0003,0.01,[16],0.4,False,32,10,0.6543513957307061,0.5122448979591837,,conservative_joint_tuning,55
5,111,12,0.0003,0.01,[16],0.4,False,32,10,0.6535226077812829,0.6487119437939111,,conservative_joint_tuning,55
1,112,11,0.0003,0.01,[16],0.5,False,32,10,0.6313688212927757,0.6805251641137856,,conservative_joint_tuning,56
2,111,12,0.0003,0.01,[16],0.5,False,32,10,0.6354883081155434,0.6488372093023256,,conservative_joint_tuning,56
3,111,12,0.0003,0.01,[16],0.5,False,32,10,0.6589076246334311,0.5384615384615384,,conservative_joint_tuning,56
4,111,12,0.0003,0.01,[16],0.5,False,32,10,0.6545566502463054,0.5122448979591837,,conservative_joint_tuning,56
5,111,12,0.0003,0.01,[16],0.5,False,32,10,0.6528215913073957,0.639344262295082,,conservative_joint_tuning,56
1,112,11,0.0003,0.01,[16],0.6,False,32,10,0.6313688212927757,0.6805251641137856,,conservative_joint_tuning,57
2,111,12,0.0003,0.01,[16],0.6,False,32,10,0.6353163686382394,0.6511627906976745,,conservative_joint_tuning,57
3,111,12,0.0003,0.01,[16],0.6,False,32,10,0.656708211143695,0.5384615384615384,,conservative_joint_tuning,57
4,111,12,0.0003,0.01,[16],0.6,False,32,10,0.6527093596059114,0.5142857142857142,,conservative_joint_tuning,57
5,111,12,0.0003,0.01,[16],0.6,False,32,10,0.6487907465825447,0.6370023419203747,,conservative_joint_tuning,57
1,112,12,0.0003,0.01,"[8, 4]",0.4,False,32,10,0.6454372623574145,0.6083150984682714,,conservative_joint_tuning,58
2,111,11,0.0003,0.01,"[8, 4]",0.4,False,32,10,0.6222489683631361,0.5325581395348837,,conservative_joint_tuning,58
3,111,11,0.0003,0.01,"[8, 4]",0.4,False,32,10,0.6240835777126099,0.6456876456876457,,conservative_joint_tuning,58
4,111,11,0.0003,0.01,"[8, 4]",0.4,False,32,10,0.5373563218390804,0.6204081632653061,,conservative_joint_tuning,58
5,111,11,0.0003,0.01,"[8, 4]",0.4,False,32,10,0.6507185418857343,0.5058548009367682,,conservative_joint_tuning,58
1,112,12,0.0003,0.01,"[8, 4]",0.5,False,32,10,0.6287072243346008,0.6083150984682714,,conservative_joint_tuning,59
2,111,11,0.0003,0.01,"[8, 4]",0.5,False,32,10,0.6222489683631361,0.5325581395348837,,conservative_joint_tuning,59
3,111,11,0.0003,0.01,"[8, 4]",0.5,False,32,10,0.6240835777126099,0.6456876456876457,,conservative_joint_tuning,59
4,111,11,0.0003,0.01,"[8, 4]",0.5,False,32,10,0.5373563218390804,0.6204081632653061,,conservative_joint_tuning,59
5,111,11,0.0003,0.01,"[8, 4]",0.5,False,32,10,0.6507185418857343,0.5058548009367682,,conservative_joint_tuning,59
1,112,12,0.0003,0.01,"[8, 4]",0.6,False,32,10,0.6279467680608365,0.6258205689277899,,conservative_joint_tuning,60
2,111,11,0.0003,0.01,"[8, 4]",0.6,False,32,10,0.6222489683631361,0.5325581395348837,,conservative_joint_tuning,60
3,111,11,0.0003,0.01,"[8, 4]",0.6,False,32,10,0.6240835777126099,0.6456876456876457,,conservative_joint_tuning,60
4,111,11,0.0003,0.01,"[8, 4]",0.6,False,32,10,0.5373563218390804,0.6204081632653061,,conservative_joint_tuning,60
5,111,11,0.0003,0.01,"[8, 4]",0.6,False,32,10,0.6507185418857343,0.5058548009367682,,conservative_joint_tuning,60
1,112,13,0.0003,0.03,[4],0.4,False,32,10,0.3970532319391635,0.21444201312910285,,conservative_joint_tuning,61
2,111,11,0.0003,0.03,[4],0.4,False,32,10,0.4289030261348005,0.33488372093023255,,conservative_joint_tuning,61
3,111,11,0.0003,0.03,[4],0.4,False,32,10,0.4260447214076246,0.34498834498834496,,conservative_joint_tuning,61
4,111,11,0.0003,0.03,[4],0.4,False,32,10,0.4144088669950739,0.36122448979591837,,conservative_joint_tuning,61
5,111,11,0.0003,0.03,[4],0.4,False,32,10,0.40080616894497023,0.3091334894613583,,conservative_joint_tuning,61
1,112,13,0.0003,0.03,[4],0.5,False,32,10,0.39952471482889734,0.212253829321663,,conservative_joint_tuning,62
2,111,11,0.0003,0.03,[4],0.5,False,32,10,0.4289030261348005,0.33488372093023255,,conservative_joint_tuning,62
3,111,11,0.0003,0.03,[4],0.5,False,32,10,0.4260447214076246,0.34498834498834496,,conservative_joint_tuning,62
4,111,11,0.0003,0.03,[4],0.5,False,32,10,0.4144088669950739,0.36122448979591837,,conservative_joint_tuning,62
5,111,11,0.0003,0.03,[4],0.5,False,32,10,0.40080616894497023,0.3091334894613583,,conservative_joint_tuning,62
1,112,13,0.0003,0.03,[4],0.6,False,32,10,0.40047528517110265,0.20787746170678337,,conservative_joint_tuning,63
2,111,11,0.0003,0.03,[4],0.6,False,32,10,0.4289030261348005,0.33488372093023255,,conservative_joint_tuning,63
3,111,11,0.0003,0.03,[4],0.6,False,32,10,0.4260447214076246,0.34498834498834496,,conservative_joint_tuning,63
4,111,11,0.0003,0.03,[4],0.6,False,32,10,0.4144088669950739,0.36122448979591837,,conservative_joint_tuning,63
5,111,11,0.0003,0.03,[4],0.6,False,32,10,0.40080616894497023,0.3091334894613583,,conservative_joint_tuning,63
1,112,12,0.0003,0.03,[8],0.4,False,32,10,0.4806083650190114,0.6214442013129103,,conservative_joint_tuning,64
2,111,12,0.0003,0.03,[8],0.4,False,32,10,0.515818431911967,0.5255813953488372,,conservative_joint_tuning,64
3,111,12,0.0003,0.03,[8],0.4,False,32,10,0.46829178885630496,0.5501165501165501,,conservative_joint_tuning,64
4,111,12,0.0003,0.03,[8],0.4,False,32,10,0.5197044334975369,0.5612244897959183,,conservative_joint_tuning,64
5,111,12,0.0003,0.03,[8],0.4,False,32,10,0.53242201191728,0.6838407494145199,,conservative_joint_tuning,64
1,112,12,0.0003,0.03,[8],0.5,False,32,10,0.47946768060836503,0.6214442013129103,,conservative_joint_tuning,65
2,111,12,0.0003,0.03,[8],0.5,False,32,10,0.5163342503438789,0.5255813953488372,,conservative_joint_tuning,65
3,111,12,0.0003,0.03,[8],0.5,False,32,10,0.46865835777126097,0.5524475524475524,,conservative_joint_tuning,65
4,111,12,0.0003,0.03,[8],0.5,False,32,10,0.521551724137931,0.563265306122449,,conservative_joint_tuning,65
5,111,12,0.0003,0.03,[8],0.5,False,32,10,0.5322467577988083,0.6838407494145199,,conservative_joint_tuning,65
1,112,12,0.0003,0.03,[8],0.6,False,32,10,0.4785171102661597,0.6236323851203501,,conservative_joint_tuning,66
2,111,12,0.0003,0.03,[8],0.6,False,32,10,0.515990371389271,0.5302325581395348,,conservative_joint_tuning,66
3,111,12,0.0003,0.03,[8],0.6,False,32,10,0.46975806451612906,0.5524475524475524,,conservative_joint_tuning,66
4,111,12,0.0003,0.03,[8],0.6,False,32,10,0.5194991789819376,0.5571428571428572,,conservative_joint_tuning,66
5,111,12,0.0003,0.03,[8],0.6,False,32,10,0.5322467577988083,0.6814988290398126,,conservative_joint_tuning,66
1,112,11,0.0003,0.03,[16],0.4,False,32,10,0.6313688212927757,0.6805251641137856,,conservative_joint_tuning,67
2,111,12,0.0003,0.03,[16],0.4,False,32,10,0.6373796423658872,0.6558139534883721,,conservative_joint_tuning,67
3,111,12,0.0003,0.03,[16],0.4,False,32,10,0.6620234604105572,0.5361305361305362,,conservative_joint_tuning,67
4,111,12,0.0003,0.03,[16],0.4,False,32,10,0.6545566502463054,0.5122448979591837,,conservative_joint_tuning,67
5,111,12,0.0003,0.03,[16],0.4,False,32,10,0.6536978618997547,0.6487119437939111,,conservative_joint_tuning,67
1,112,11,0.0003,0.03,[16],0.5,False,32,10,0.6313688212927757,0.6805251641137856,,conservative_joint_tuning,68
2,111,12,0.0003,0.03,[16],0.5,False,32,10,0.6353163686382394,0.6488372093023256,,conservative_joint_tuning,68
3,111,12,0.0003,0.03,[16],0.5,False,32,10,0.658724340175953,0.5384615384615384,,conservative_joint_tuning,68
4,111,12,0.0003,0.03,[16],0.5,False,32,10,0.6547619047619048,0.5122448979591837,,conservative_joint_tuning,68
5,111,12,0.0003,0.03,[16],0.5,False,32,10,0.6529968454258676,0.639344262295082,,conservative_joint_tuning,68
1,112,11,0.0003,0.03,[16],0.6,False,32,10,0.6313688212927757,0.6805251641137856,,conservative_joint_tuning,69
2,111,12,0.0003,0.03,[16],0.6,False,32,10,0.6351444291609354,0.6511627906976745,,conservative_joint_tuning,69
3,111,12,0.0003,0.03,[16],0.6,False,32,10,0.656524926686217,0.5384615384615384,,conservative_joint_tuning,69
4,111,12,0.0003,0.03,[16],0.6,False,32,10,0.652504105090312,0.5142857142857142,,conservative_joint_tuning,69
5,111,12,0.0003,0.03,[16],0.6,False,32,10,0.6482649842271293,0.6370023419203747,,conservative_joint_tuning,69
1,112,12,0.0003,0.03,"[8, 4]",0.4,False,32,10,0.6448669201520912,0.6083150984682714,,conservative_joint_tuning,70
2,111,11,0.0003,0.03,"[8, 4]",0.4,False,32,10,0.6222489683631361,0.5325581395348837,,conservative_joint_tuning,70
3,111,11,0.0003,0.03,"[8, 4]",0.4,False,32,10,0.6240835777126099,0.6456876456876457,,conservative_joint_tuning,70
4,111,11,0.0003,0.03,"[8, 4]",0.4,False,32,10,0.5373563218390804,0.6204081632653061,,conservative_joint_tuning,70
5,111,11,0.0003,0.03,"[8, 4]",0.4,False,32,10,0.6507185418857343,0.5058548009367682,,conservative_joint_tuning,70
1,112,12,0.0003,0.03,"[8, 4]",0.5,False,32,10,0.6290874524714829,0.6083150984682714,,conservative_joint_tuning,71
2,111,11,0.0003,0.03,"[8, 4]",0.5,False,32,10,0.6222489683631361,0.5325581395348837,,conservative_joint_tuning,71
3,111,11,0.0003,0.03,"[8, 4]",0.5,False,32,10,0.6240835777126099,0.6456876456876457,,conservative_joint_tuning,71
4,111,11,0.0003,0.03,"[8, 4]",0.5,False,32,10,0.5373563218390804,0.6204081632653061,,conservative_joint_tuning,71
5,111,11,0.0003,0.03,"[8, 4]",0.5,False,32,10,0.6507185418857343,0.5058548009367682,,conservative_joint_tuning,71
1,112,12,0.0003,0.03,"[8, 4]",0.6,False,32,10,0.6279467680608365,0.6214442013129103,,conservative_joint_tuning,72
2,111,11,0.0003,0.03,"[8, 4]",0.6,False,32,10,0.6222489683631361,0.5325581395348837,,conservative_joint_tuning,72
3,111,11,0.0003,0.03,"[8, 4]",0.6,False,32,10,0.6240835777126099,0.6456876456876457,,conservative_joint_tuning,72
4,111,11,0.0003,0.03,"[8, 4]",0.6,False,32,10,0.5373563218390804,0.6204081632653061,,conservative_joint_tuning,72
5,111,11,0.0003,0.03,"[8, 4]",0.6,False,32,10,0.6507185418857343,0.5058548009367682,,conservative_joint_tuning,72
1,112,13,0.001,0.001,[4],0.4,False,32,10,0.4438212927756654,0.22319474835886213,,conservative_joint_tuning,73
2,111,11,0.001,0.001,[4],0.4,False,32,10,0.4289030261348005,0.33488372093023255,,conservative_joint_tuning,73
3,111,11,0.001,0.001,[4],0.4,False,32,10,0.4260447214076246,0.34498834498834496,,conservative_joint_tuning,73
4,111,11,0.001,0.001,[4],0.4,False,32,10,0.4144088669950739,0.36122448979591837,,conservative_joint_tuning,73
5,111,11,0.001,0.001,[4],0.4,False,32,10,0.40080616894497023,0.3091334894613583,,conservative_joint_tuning,73
1,112,13,0.001,0.001,[4],0.5,False,32,10,0.4493346007604563,0.2210065645514223,,conservative_joint_tuning,74
2,111,11,0.001,0.001,[4],0.5,False,32,10,0.4289030261348005,0.33488372093023255,,conservative_joint_tuning,74
3,111,11,0.001,0.001,[4],0.5,False,32,10,0.4260447214076246,0.34498834498834496,,conservative_joint_tuning,74
4,111,11,0.001,0.001,[4],0.5,False,32,10,0.4144088669950739,0.36122448979591837,,conservative_joint_tuning,74
5,111,11,0.001,0.001,[4],0.5,False,32,10,0.40080616894497023,0.3091334894613583,,conservative_joint_tuning,74
1,112,13,0.001,0.001,[4],0.6,False,32,10,0.457319391634981,0.212253829321663,,conservative_joint_tuning,75
2,111,11,0.001,0.001,[4],0.6,False,32,10,0.4289030261348005,0.33488372093023255,,conservative_joint_tuning,75
3,111,11,0.001,0.001,[4],0.6,False,32,10,0.4260447214076246,0.34498834498834496,,conservative_joint_tuning,75
4,111,11,0.001,0.001,[4],0.6,False,32,10,0.4144088669950739,0.36122448979591837,,conservative_joint_tuning,75
5,111,11,0.001,0.001,[4],0.6,False,32,10,0.40080616894497023,0.3091334894613583,,conservative_joint_tuning,75
1,112,12,0.001,0.001,[8],0.4,False,32,10,0.496958174904943,0.6170678336980306,,conservative_joint_tuning,76
2,111,12,0.001,0.001,[8],0.4,False,32,10,0.5214924346629987,0.5162790697674419,,conservative_joint_tuning,76
3,111,12,0.001,0.001,[8],0.4,False,32,10,0.49138563049853373,0.5314685314685315,,conservative_joint_tuning,76
4,111,12,0.001,0.001,[8],0.4,False,32,10,0.5266830870279147,0.5551020408163265,,conservative_joint_tuning,76
5,111,12,0.001,0.001,[8],0.4,False,32,10,0.5497721696459866,0.6885245901639344,,conservative_joint_tuning,76
1,112,12,0.001,0.001,[8],0.5,False,32,10,0.49220532319391636,0.6017505470459519,,conservative_joint_tuning,77
2,111,12,0.001,0.001,[8],0.5,False,32,10,0.5226960110041265,0.5232558139534884,,conservative_joint_tuning,77
3,111,12,0.001,0.001,[8],0.5,False,32,10,0.4939516129032258,0.5244755244755245,,conservative_joint_tuning,77
4,111,12,0.001,0.001,[8],0.5,False,32,10,0.5295566502463054,0.5530612244897959,,conservative_joint_tuning,77
5,111,12,0.001,0.001,[8],0.5,False,32,10,0.5494216614090431,0.6744730679156908,,conservative_joint_tuning,77
1,112,12,0.001,0.001,[8],0.6,False,32,10,0.49220532319391636,0.5995623632385121,,conservative_joint_tuning,78
2,111,12,0.001,0.001,[8],0.6,False,32,10,0.5254470426409904,0.5209302325581395,,conservative_joint_tuning,78
3,111,12,0.001,0.001,[8],0.6,False,32,10,0.4970674486803519,0.5268065268065268,,conservative_joint_tuning,78
4,111,12,0.001,0.001,[8],0.6,False,32,10,0.5246305418719212,0.5469387755102041,,conservative_joint_tuning,78
5,111,12,0.001,0.001,[8],0.6,False,32,10,0.5553803014370837,0.6814988290398126,,conservative_joint_tuning,78
1,112,11,0.001,0.001,[16],0.4,False,32,10,0.6313688212927757,0.6805251641137856,,conservative_joint_tuning,79
2,111,12,0.001,0.001,[16],0.4,False,32,10,0.6581843191196699,0.641860465116279,,conservative_joint_tuning,79
3,111,12,0.001,0.001,[16],0.4,False,32,10,0.6920821114369502,0.5151515151515151,,conservative_joint_tuning,79
4,111,12,0.001,0.001,[16],0.4,False,32,10,0.6756978653530378,0.5,,conservative_joint_tuning,79
5,111,12,0.001,0.001,[16],0.4,False,32,10,0.674553101997897,0.6955503512880562,,conservative_joint_tuning,79
1,112,11,0.001,0.001,[16],0.5,False,32,10,0.6313688212927757,0.6805251641137856,,conservative_joint_tuning,80
2,111,12,0.001,0.001,[16],0.5,False,32,10,0.6513067400275103,0.641860465116279,,conservative_joint_tuning,80
3,111,12,0.001,0.001,[16],0.5,False,32,10,0.6853005865102639,0.5291375291375291,,conservative_joint_tuning,80
4,111,12,0.001,0.001,[16],0.5,False,32,10,0.6759031198686372,0.5102040816326531,,conservative_joint_tuning,80
5,111,12,0.001,0.001,[16],0.5,False,32,10,0.6661409043112513,0.6932084309133489,,conservative_joint_tuning,80
1,112,11,0.001,0.001,[16],0.6,False,32,10,0.6313688212927757,0.6805251641137856,,conservative_joint_tuning,81
2,111,12,0.001,0.001,[16],0.6,False,32,10,0.6478679504814305,0.6511627906976745,,conservative_joint_tuning,81
3,111,12,0.001,0.001,[16],0.6,False,32,10,0.6816348973607038,0.5314685314685315,,conservative_joint_tuning,81
4,111,12,0.001,0.001,[16],0.6,False,32,10,0.6726190476190477,0.5163265306122449,,conservative_joint_tuning,81
5,111,12,0.001,0.001,[16],0.6,False,32,10,0.6600070101647388,0.6838407494145199,,conservative_joint_tuning,81
1,112,12,0.001,0.001,"[8, 4]",0.4,False,32,10,0.6351711026615969,0.5733041575492341,,conservative_joint_tuning,82
2,111,11,0.001,0.001,"[8, 4]",0.4,False,32,10,0.6222489683631361,0.5325581395348837,,conservative_joint_tuning,82
3,111,11,0.001,0.001,"[8, 4]",0.4,False,32,10,0.6240835777126099,0.6456876456876457,,conservative_joint_tuning,82
4,111,11,0.001,0.001,"[8, 4]",0.4,False,32,10,0.5373563218390804,0.6204081632653061,,conservative_joint_tuning,82
5,111,11,0.001,0.001,"[8, 4]",0.4,False,32,10,0.6507185418857343,0.5058548009367682,,conservative_joint_tuning,82
1,112,12,0.001,0.001,"[8, 4]",0.5,False,32,10,0.6119771863117871,0.6083150984682714,,conservative_joint_tuning,83
2,111,11,0.001,0.001,"[8, 4]",0.5,False,32,10,0.6222489683631361,0.5325581395348837,,conservative_joint_tuning,83
3,111,11,0.001,0.001,"[8, 4]",0.5,False,32,10,0.6240835777126099,0.6456876456876457,,conservative_joint_tuning,83
4,111,11,0.001,0.001,"[8, 4]",0.5,False,32,10,0.5373563218390804,0.6204081632653061,,conservative_joint_tuning,83
5,111,11,0.001,0.001,"[8, 4]",0.5,False,32,10,0.6507185418857343,0.5058548009367682,,conservative_joint_tuning,83
1,112,12,0.001,0.001,"[8, 4]",0.6,False,32,10,0.597148288973384,0.6411378555798687,,conservative_joint_tuning,84
2,111,11,0.001,0.001,"[8, 4]",0.6,False,32,10,0.6222489683631361,0.5325581395348837,,conservative_joint_tuning,84
3,111,11,0.001,0.001,"[8, 4]",0.6,False,32,10,0.6240835777126099,0.6456876456876457,,conservative_joint_tuning,84
4,111,11,0.001,0.001,"[8, 4]",0.6,False,32,10,0.5373563218390804,0.6204081632653061,,conservative_joint_tuning,84
5,111,11,0.001,0.001,"[8, 4]",0.6,False,32,10,0.6507185418857343,0.5058548009367682,,conservative_joint_tuning,84
1,112,13,0.001,0.01,[4],0.4,False,32,10,0.44401140684410645,0.2210065645514223,,conservative_joint_tuning,85
2,111,11,0.001,0.01,[4],0.4,False,32,10,0.4289030261348005,0.33488372093023255,,conservative_joint_tuning,85
3,111,11,0.001,0.01,[4],0.4,False,32,10,0.4260447214076246,0.34498834498834496,,conservative_joint_tuning,85
4,111,11,0.001,0.01,[4],0.4,False,32,10,0.4144088669950739,0.36122448979591837,,conservative_joint_tuning,85
5,111,11,0.001,0.01,[4],0.4,False,32,10,0.40080616894497023,0.3091334894613583,,conservative_joint_tuning,85
1,112,13,0.001,0.01,[4],0.5,False,32,10,0.44914448669201523,0.2210065645514223,,conservative_joint_tuning,86
2,111,11,0.001,0.01,[4],0.5,False,32,10,0.4289030261348005,0.33488372093023255,,conservative_joint_tuning,86
3,111,11,0.001,0.01,[4],0.5,False,32,10,0.4260447214076246,0.34498834498834496,,conservative_joint_tuning,86
4,111,11,0.001,0.01,[4],0.5,False,32,10,0.4144088669950739,0.36122448979591837,,conservative_joint_tuning,86
5,111,11,0.001,0.01,[4],0.5,False,32,10,0.40080616894497023,0.3091334894613583,,conservative_joint_tuning,86
1,112,13,0.001,0.01,[4],0.6,False,32,10,0.457509505703422,0.2100656455142232,,conservative_joint_tuning,87
2,111,11,0.001,0.01,[4],0.6,False,32,10,0.4289030261348005,0.33488372093023255,,conservative_joint_tuning,87
3,111,11,0.001,0.01,[4],0.6,False,32,10,0.4260447214076246,0.34498834498834496,,conservative_joint_tuning,87
4,111,11,0.001,0.01,[4],0.6,False,32,10,0.4144088669950739,0.36122448979591837,,conservative_joint_tuning,87
5,111,11,0.001,0.01,[4],0.6,False,32,10,0.40080616894497023,0.3091334894613583,,conservative_joint_tuning,87
1,112,12,0.001,0.01,[8],0.4,False,32,10,0.496958174904943,0.6192560175054704,,conservative_joint_tuning,88
2,111,12,0.001,0.01,[8],0.4,False,32,10,0.5213204951856947,0.5162790697674419,,conservative_joint_tuning,88
3,111,12,0.001,0.01,[8],0.4,False,32,10,0.49138563049853373,0.5337995337995338,,conservative_joint_tuning,88
4,111,12,0.001,0.01,[8],0.4,False,32,10,0.5266830870279147,0.5551020408163265,,conservative_joint_tuning,88
5,111,12,0.001,0.01,[8],0.4,False,32,10,0.5499474237644585,0.6885245901639344,,conservative_joint_tuning,88
1,112,12,0.001,0.01,[8],0.5,False,32,10,0.49220532319391636,0.6017505470459519,,conservative_joint_tuning,89
2,111,12,0.001,0.01,[8],0.5,False,32,10,0.5225240715268226,0.5232558139534884,,conservative_joint_tuning,89
3,111,12,0.001,0.01,[8],0.5,False,32,10,0.4941348973607038,0.5244755244755245,,conservative_joint_tuning,89
4,111,12,0.001,0.01,[8],0.5,False,32,10,0.5289408866995073,0.5530612244897959,,conservative_joint_tuning,89
5,111,12,0.001,0.01,[8],0.5,False,32,10,0.5494216614090431,0.6744730679156908,,conservative_joint_tuning,89
1,112,12,0.001,0.01,[8],0.6,False,32,10,0.49277566539923956,0.5995623632385121,,conservative_joint_tuning,90
2,111,12,0.001,0.01,[8],0.6,False,32,10,0.5254470426409904,0.5209302325581395,,conservative_joint_tuning,90
3,111,12,0.001,0.01,[8],0.6,False,32,10,0.4961510263929619,0.5268065268065268,,conservative_joint_tuning,90
4,111,12,0.001,0.01,[8],0.6,False,32,10,0.5250410509031199,0.5469387755102041,,conservative_joint_tuning,90
5,111,12,0.001,0.01,[8],0.6,False,32,10,0.555205047318612,0.6814988290398126,,conservative_joint_tuning,90
1,112,11,0.001,0.01,[16],0.4,False,32,10,0.6313688212927757,0.6805251641137856,,conservative_joint_tuning,91
2,111,12,0.001,0.01,[16],0.4,False,32,10,0.6581843191196699,0.641860465116279,,conservative_joint_tuning,91
3,111,12,0.001,0.01,[16],0.4,False,32,10,0.6928152492668622,0.5151515151515151,,conservative_joint_tuning,91
4,111,12,0.001,0.01,[16],0.4,False,32,10,0.6752873563218391,0.5040816326530613,,conservative_joint_tuning,91
5,111,12,0.001,0.01,[16],0.4,False,32,10,0.6747283561163687,0.6955503512880562,,conservative_joint_tuning,91
1,112,11,0.001,0.01,[16],0.5,False,32,10,0.6313688212927757,0.6805251641137856,,conservative_joint_tuning,92
2,111,12,0.001,0.01,[16],0.5,False,32,10,0.6513067400275103,0.641860465116279,,conservative_joint_tuning,92
3,111,12,0.001,0.01,[16],0.5,False,32,10,0.6853005865102639,0.5268065268065268,,conservative_joint_tuning,92
4,111,12,0.001,0.01,[16],0.5,False,32,10,0.6761083743842364,0.5102040816326531,,conservative_joint_tuning,92
5,111,12,0.001,0.01,[16],0.5,False,32,10,0.6657903960743078,0.6932084309133489,,conservative_joint_tuning,92
1,112,11,0.001,0.01,[16],0.6,False,32,10,0.6313688212927757,0.6805251641137856,,conservative_joint_tuning,93
2,111,12,0.001,0.01,[16],0.6,False,32,10,0.6476960110041265,0.6488372093023256,,conservative_joint_tuning,93
3,111,12,0.001,0.01,[16],0.6,False,32,10,0.6814516129032258,0.5314685314685315,,conservative_joint_tuning,93
4,111,12,0.001,0.01,[16],0.6,False,32,10,0.672824302134647,0.5163265306122449,,conservative_joint_tuning,93
5,111,12,0.001,0.01,[16],0.6,False,32,10,0.6600070101647388,0.6838407494145199,,conservative_joint_tuning,93
1,112,12,0.001,0.01,"[8, 4]",0.4,False,32,10,0.6349809885931559,0.5733041575492341,,conservative_joint_tuning,94
2,111,11,0.001,0.01,"[8, 4]",0.4,False,32,10,0.6222489683631361,0.5325581395348837,,conservative_joint_tuning,94
3,111,11,0.001,0.01,"[8, 4]",0.4,False,32,10,0.6240835777126099,0.6456876456876457,,conservative_joint_tuning,94
4,111,11,0.001,0.01,"[8, 4]",0.4,False,32,10,0.5373563218390804,0.6204081632653061,,conservative_joint_tuning,94
5,111,11,0.001,0.01,"[8, 4]",0.4,False,32,10,0.6507185418857343,0.5058548009367682,,conservative_joint_tuning,94
1,112,12,0.001,0.01,"[8, 4]",0.5,False,32,10,0.611787072243346,0.6105032822757112,,conservative_joint_tuning,95
2,111,11,0.001,0.01,"[8, 4]",0.5,False,32,10,0.6222489683631361,0.5325581395348837,,conservative_joint_tuning,95
3,111,11,0.001,0.01,"[8, 4]",0.5,False,32,10,0.6240835777126099,0.6456876456876457,,conservative_joint_tuning,95
4,111,11,0.001,0.01,"[8, 4]",0.5,False,32,10,0.5373563218390804,0.6204081632653061,,conservative_joint_tuning,95
5,111,11,0.001,0.01,"[8, 4]",0.5,False,32,10,0.6507185418857343,0.5058548009367682,,conservative_joint_tuning,95
1,112,12,0.001,0.01,"[8, 4]",0.6,False,32,10,0.5967680608365019,0.6389496717724289,,conservative_joint_tuning,96
2,111,11,0.001,0.01,"[8, 4]",0.6,False,32,10,0.6222489683631361,0.5325581395348837,,conservative_joint_tuning,96
3,111,11,0.001,0.01,"[8, 4]",0.6,False,32,10,0.6240835777126099,0.6456876456876457,,conservative_joint_tuning,96
4,111,11,0.001,0.01,"[8, 4]",0.6,False,32,10,0.5373563218390804,0.6204081632653061,,conservative_joint_tuning,96
5,111,11,0.001,0.01,"[8, 4]",0.6,False,32,10,0.6507185418857343,0.5058548009367682,,conservative_joint_tuning,96
1,112,13,0.001,0.03,[4],0.4,False,32,10,0.4443916349809886,0.2210065645514223,,conservative_joint_tuning,97
2,111,11,0.001,0.03,[4],0.4,False,32,10,0.4289030261348005,0.33488372093023255,,conservative_joint_tuning,97
3,111,11,0.001,0.03,[4],0.4,False,32,10,0.4260447214076246,0.34498834498834496,,conservative_joint_tuning,97
4,111,11,0.001,0.03,[4],0.4,False,32,10,0.4144088669950739,0.36122448979591837,,conservative_joint_tuning,97
5,111,11,0.001,0.03,[4],0.4,False,32,10,0.40080616894497023,0.3091334894613583,,conservative_joint_tuning,97
1,112,13,0.001,0.03,[4],0.5,False,32,10,0.45218631178707225,0.21444201312910285,,conservative_joint_tuning,98
2,111,11,0.001,0.03,[4],0.5,False,32,10,0.4289030261348005,0.33488372093023255,,conservative_joint_tuning,98
3,111,11,0.001,0.03,[4],0.5,False,32,10,0.4260447214076246,0.34498834498834496,,conservative_joint_tuning,98
4,111,11,0.001,0.03,[4],0.5,False,32,10,0.4144088669950739,0.36122448979591837,,conservative_joint_tuning,98
5,111,11,0.001,0.03,[4],0.5,False,32,10,0.40080616894497023,0.3091334894613583,,conservative_joint_tuning,98
1,112,13,0.001,0.03,[4],0.6,False,32,10,0.4571292775665399,0.20787746170678337,,conservative_joint_tuning,99
2,111,11,0.001,0.03,[4],0.6,False,32,10,0.4289030261348005,0.33488372093023255,,conservative_joint_tuning,99
3,111,11,0.001,0.03,[4],0.6,False,32,10,0.4260447214076246,0.34498834498834496,,conservative_joint_tuning,99
4,111,11,0.001,0.03,[4],0.6,False,32,10,0.4144088669950739,0.36122448979591837,,conservative_joint_tuning,99
5,111,11,0.001,0.03,[4],0.6,False,32,10,0.40080616894497023,0.3091334894613583,,conservative_joint_tuning,99
1,112,12,0.001,0.03,[8],0.4,False,32,10,0.496958174904943,0.6192560175054704,,conservative_joint_tuning,100
2,111,12,0.001,0.03,[8],0.4,False,32,10,0.5213204951856947,0.5162790697674419,,conservative_joint_tuning,100
3,111,12,0.001,0.03,[8],0.4,False,32,10,0.4906524926686217,0.5337995337995338,,conservative_joint_tuning,100
4,111,12,0.001,0.03,[8],0.4,False,32,10,0.5266830870279147,0.5551020408163265,,conservative_joint_tuning,100
5,111,12,0.001,0.03,[8],0.4,False,32,10,0.5497721696459866,0.6861826697892272,,conservative_joint_tuning,100
1,112,12,0.001,0.03,[8],0.5,False,32,10,0.49220532319391636,0.6017505470459519,,conservative_joint_tuning,101
2,111,12,0.001,0.03,[8],0.5,False,32,10,0.5223521320495186,0.5209302325581395,,conservative_joint_tuning,101
3,111,12,0.001,0.03,[8],0.5,False,32,10,0.4941348973607038,0.5221445221445221,,conservative_joint_tuning,101
4,111,12,0.001,0.03,[8],0.5,False,32,10,0.5289408866995073,0.5510204081632653,,conservative_joint_tuning,101
5,111,12,0.001,0.03,[8],0.5,False,32,10,0.5497721696459866,0.6744730679156908,,conservative_joint_tuning,101
1,112,12,0.001,0.03,[8],0.6,False,32,10,0.4929657794676806,0.5995623632385121,,conservative_joint_tuning,102
2,111,12,0.001,0.03,[8],0.6,False,32,10,0.5256189821182944,0.5209302325581395,,conservative_joint_tuning,102
3,111,12,0.001,0.03,[8],0.6,False,32,10,0.4967008797653959,0.5268065268065268,,conservative_joint_tuning,102
4,111,12,0.001,0.03,[8],0.6,False,32,10,0.5250410509031199,0.5469387755102041,,conservative_joint_tuning,102
5,111,12,0.001,0.03,[8],0.6,False,32,10,0.555205047318612,0.6814988290398126,,conservative_joint_tuning,102
1,112,11,0.001,0.03,[16],0.4,False,32,10,0.6313688212927757,0.6805251641137856,,conservative_joint_tuning,103
2,111,12,0.001,0.03,[16],0.4,False,32,10,0.6581843191196699,0.641860465116279,,conservative_joint_tuning,103
3,111,12,0.001,0.03,[16],0.4,False,32,10,0.6922653958944281,0.5174825174825175,,conservative_joint_tuning,103
4,111,12,0.001,0.03,[16],0.4,False,32,10,0.6750821018062397,0.5,,conservative_joint_tuning,103
5,111,12,0.001,0.03,[16],0.4,False,32,10,0.6743778478794251,0.6932084309133489,,conservative_joint_tuning,103
1,112,11,0.001,0.03,[16],0.5,False,32,10,0.6313688212927757,0.6805251641137856,,conservative_joint_tuning,104
2,111,12,0.001,0.03,[16],0.5,False,32,10,0.6504470426409904,0.641860465116279,,conservative_joint_tuning,104
3,111,12,0.001,0.03,[16],0.5,False,32,10,0.6843841642228738,0.5268065268065268,,conservative_joint_tuning,104
4,111,12,0.001,0.03,[16],0.5,False,32,10,0.6748768472906403,0.5102040816326531,,conservative_joint_tuning,104
5,111,12,0.001,0.03,[16],0.5,False,32,10,0.6645636172450052,0.6932084309133489,,conservative_joint_tuning,104
1,112,11,0.001,0.03,[16],0.6,False,32,10,0.6313688212927757,0.6805251641137856,,conservative_joint_tuning,105
2,111,12,0.001,0.03,[16],0.6,False,32,10,0.6478679504814305,0.6511627906976745,,conservative_joint_tuning,105
3,111,12,0.001,0.03,[16],0.6,False,32,10,0.6812683284457478,0.5314685314685315,,conservative_joint_tuning,105
4,111,12,0.001,0.03,[16],0.6,False,32,10,0.6730295566502463,0.5142857142857142,,conservative_joint_tuning,105
5,111,12,0.001,0.03,[16],0.6,False,32,10,0.65913073957238,0.6838407494145199,,conservative_joint_tuning,105
1,112,12,0.001,0.03,"[8, 4]",0.4,False,32,10,0.632319391634981,0.5754923413566739,,conservative_joint_tuning,106
2,111,11,0.001,0.03,"[8, 4]",0.4,False,32,10,0.6222489683631361,0.5325581395348837,,conservative_joint_tuning,106
3,111,11,0.001,0.03,"[8, 4]",0.4,False,32,10,0.6240835777126099,0.6456876456876457,,conservative_joint_tuning,106
4,111,11,0.001,0.03,"[8, 4]",0.4,False,32,10,0.5373563218390804,0.6204081632653061,,conservative_joint_tuning,106
5,111,11,0.001,0.03,"[8, 4]",0.4,False,32,10,0.6507185418857343,0.5058548009367682,,conservative_joint_tuning,106
1,112,12,0.001,0.03,"[8, 4]",0.5,False,32,10,0.6102661596958175,0.6105032822757112,,conservative_joint_tuning,107
2,111,11,0.001,0.03,"[8, 4]",0.5,False,32,10,0.6222489683631361,0.5325581395348837,,conservative_joint_tuning,107
3,111,11,0.001,0.03,"[8, 4]",0.5,False,32,10,0.6240835777126099,0.6456876456876457,,conservative_joint_tuning,107
4,111,11,0.001,0.03,"[8, 4]",0.5,False,32,10,0.5373563218390804,0.6204081632653061,,conservative_joint_tuning,107
5,111,11,0.001,0.03,"[8, 4]",0.5,False,32,10,0.6507185418857343,0.5058548009367682,,conservative_joint_tuning,107
1,112,12,0.001,0.03,"[8, 4]",0.6,False,32,10,0.5973384030418251,0.6411378555798687,,conservative_joint_tuning,108
2,111,11,0.001,0.03,"[8, 4]",0.6,False,32,10,0.6222489683631361,0.5325581395348837,,conservative_joint_tuning,108
3,111,11,0.001,0.03,"[8, 4]",0.6,False,32,10,0.6240835777126099,0.6456876456876457,,conservative_joint_tuning,108
4,111,11,0.001,0.03,"[8, 4]",0.6,False,32,10,0.5373563218390804,0.6204081632653061,,conservative_joint_tuning,108
5,111,11,0.001,0.03,"[8, 4]",0.6,False,32,10,0.6507185418857343,0.5058548009367682,,conservative_joint_tuning,108
